세부모델,Unnamed: 0,index,가격,배기량,연식,주행거리,압류/저당,사고유무,전손이력,신차가격,감가상각률,감가상각액,현재가,1년후,2년후,3년후,4년후,5년후
124,11133.0,11133.0,3580.0,1356.0,2017.0,16784.0,0.0,1.0,0.0,3100.0,-1.0,-1.0,-1.0,-1.0,-1.0,-1.0,-1.0,-1.0
1시리즈 2세대 (12~19년),9270.208333333334,9270.208333333334,1538.0416666666667,1995.0,2015.2916666666667,87908.29166666667,0.0,0.125,0.0,4370.0,9.7,424.0,3946.0,3522.0,3098.0,2674.0,2250.0,1826.0
1시리즈 3세대 (20년~현재),3936.4,3936.4,3786.0,1997.4,2020.8,8569.6,0.0,0.2,0.0,4200.0,9.7,407.0,3793.0,3386.0,2979.0,2572.0,2165.0,1758.0
2008,10965.461538461539,10965.461538461539,1003.9230769230769,1560.0,2016.076923076923,89422.61538461539,0.0,0.07692307692307693,0.0,3113.0,11.400000000000002,355.0,2758.0,2403.0,2048.0,1693.0,1338.0,983.0
207,6838.5,6838.5,547.25,1598.0,2011.0,90632.25,0.0,0.0,0.0,3410.0,7.6,259.0,3151.0,2892.0,2633.0,2374.0,2115.0,1856.0
208,8485.0,8485.0,936.6666666666666,1560.0,2015.3333333333333,63083.666666666664,0.0,0.3333333333333333,0.0,2590.0,9.6,249.0,2341.0,2092.0,1843.0,1594.0,1345.0,1096.0
2시리즈 1세대 (13~16년),11383.5,11383.5,1810.0,1995.0,2015.5,70241.5,0.0,0.0,0.0,5000.0,10.0,500.0,4500.0,4000.0,3500.0,3000.0,2500.0,2000.0
2시리즈 그란 쿠페,3869.0,3869.0,4496.666666666667,1997.0,2020.6666666666667,15207.666666666666,0.0,0.0,0.0,4210.0,10.0,421.0,3789.0,3368.0,2947.0,2526.0,2105.0,1684.0
2시리즈 액티브 투어러 1세대 (14년~현재),3295.875,3295.875,2118.75,1995.0,2017.75,58532.625,0.0,0.0,0.0,4190.0,10.0,419.0,3771.0,3352.0,2933.0,2514.0,2095.0,1676.0
3008 1세대,11697.2,11697.2,664.0,1647.4,2012.4,127397.8,0.0,0.0,0.0,4058.0,8.6,349.0,3709.0,3360.0,3011.0,2662.0,2313.0,1964.0
3008 2세대,4717.5,4717.5,2780.0,1768.3333333333333,2018.6666666666667,52142.5,0.0,0.0,0.0,3730.0,8.6,321.0,3409.0,3088.0,2767.0,2446.0,2125.0,1804.0
300C 1세대,13566.5,13566.5,794.5,2861.5,2011.0,156034.5,0.0,0.5,0.0,6850.0,9.2,630.0,6220.0,5590.0,4960.0,4330.0,3700.0,3070.0
300C 2세대,10401.857142857143,10401.857142857143,1197.0,3426.285714285714,2014.0,109011.14285714286,0.0,0.0,0.0,5770.0,9.557142857142855,551.5714285714286,5218.428571428572,4666.857142857143,4115.285714285715,3563.714285714286,3012.1428571428573,2460.5714285714284
308,10249.5,10249.5,1105.0,1664.0,2014.75,88371.75,0.0,0.0,0.0,4750.0,10.6,504.0,4246.0,3742.0,3238.0,2734.0,2230.0,1726.0
3시리즈 4세대 (97~06년),14414.0,14414.0,299.0,1995.0,2007.0,147274.0,0.0,1.0,0.0,6110.0,9.3,568.0,5542.0,4974.0,4406.0,3838.0,3270.0,2702.0
3시리즈 5세대 (05~13년),12452.0,12452.0,551.0,1995.0,2008.8,125068.4,0.0,0.0,0.0,6000.0,9.3,558.0,5442.0,4884.0,4326.0,3768.0,3210.0,2652.0
3시리즈 6세대 (12~18년),7449.913978494624,7449.913978494624,2405.032258064516,2005.978494623656,2016.021505376344,82375.48387096774,0.0,0.08602150537634409,0.0,5800.0,9.3,539.0,5261.0,4722.0,4183.0,3644.0,3105.0,2566.0
3시리즈 7세대 (19년~현재),7198.9375,7198.9375,4113.125,2059.1875,2019.0625,36151.625,0.0,0.0625,0.0,5180.0,9.3,482.0,4698.0,4216.0,3734.0,3252.0,2770.0,2288.0
4시리즈 1세대 (13~20년),7044.173913043478,7044.173913043478,2627.6304347826085,1995.8695652173913,2016.3695652173913,87735.82608695653,0.0,0.17391304347826086,0.0,6300.0,10.4,655.0,5645.0,4990.0,4335.0,3680.0,3025.0,2370.0
500,11023.75,11023.75,1337.75,1368.0,2014.5,76061.75,0.0,0.0,0.0,2790.0,7.7,215.0,2575.0,2360.0,2145.0,1930.0,1715.0,1500.0
5008 2세대,5572.333333333333,5572.333333333333,2820.0,1685.3333333333333,2018.6666666666667,75421.66666666667,0.0,0.0,0.0,4472.0,11.1,496.0,3976.0,3480.0,2984.0,2488.0,1992.0,1496.0
500X,6630.0,6630.0,1534.5,1956.0,2016.0,69320.5,0.0,0.0,0.0,3580.0,7.7,276.0,3304.0,3028.0,2752.0,2476.0,2200.0,1924.0
508 1세대,11554.666666666666,11554.666666666666,853.1666666666666,1612.5,2013.6666666666667,138190.66666666666,0.0,0.16666666666666666,0.0,4200.0,10.3,433.0,3767.0,3334.0,2901.0,2468.0,2035.0,1602.0
508 2세대,5751.25,5751.25,2402.5,1997.25,2018.5,48740.0,0.0,0.5,0.0,4600.0,10.3,474.0,4126.0,3652.0,3178.0,2704.0,2230.0,1756.0
5시리즈 4세대 (95~03년),13835.166666666666,13835.166666666666,408.3333333333333,2513.0,2004.3333333333333,162751.16666666666,0.0,0.16666666666666666,0.0,8500.0,9.4,799.0,7701.0,6902.0,6103.0,5304.0,4505.0,3706.0
5시리즈 5세대 (03~10년),13250.6,13250.6,554.0,2795.0,2008.2,192223.0,0.0,0.2,0.0,7000.0,9.4,658.0,6342.0,5684.0,5026.0,4368.0,3710.0,3052.0
5시리즈 6세대 (10~16년),7481.456310679611,7481.456310679611,2282.757281553398,2207.9514563106795,2014.3203883495146,117017.31067961165,0.0,0.1262135922330097,0.0,7500.0,9.4,705.0,6795.0,6090.0,5385.0,4680.0,3975.0,3270.0
5시리즈 7세대 (17년~현재),6090.722222222223,6090.722222222223,4531.555555555556,2052.222222222222,2018.5444444444445,51195.9,0.0,0.08888888888888889,0.0,8000.0,9.4,752.0,7248.0,6496.0,5744.0,4992.0,4240.0,3488.0
6시리즈 2세대 (03~10년),13224.0,13224.0,850.0,4398.0,2004.0,132516.0,0.0,0.0,0.0,15000.0,9.1,1365.0,13635.0,12270.0,10905.0,9540.0,8175.0,6810.0
6시리즈 3세대 (11~18년),11564.222222222223,11564.222222222223,3394.1111111111113,2991.4444444444443,2014.3333333333333,110604.22222222222,0.0,0.0,0.0,12000.0,9.1,1092.0,10908.0,9816.0,8724.0,7632.0,6540.0,5448.0
6시리즈 4세대 (18~현재),3401.0,3401.0,6490.0,2329.3333333333335,2019.6666666666667,40664.0,0.0,0.0,0.0,8150.0,9.1,742.0,7408.0,6666.0,5924.0,5182.0,4440.0,3698.0
7시리즈 3세대 (94~01년),13002.0,13002.0,590.0,2997.0,2007.0,229069.0,0.0,0.0,0.0,9500.0,10.1,960.0,8540.0,7580.0,6620.0,5660.0,4700.0,3740.0
7시리즈 4세대 (02~09년),12867.0,12867.0,580.0,5000.0,2007.0,162384.0,0.0,0.0,0.0,14000.0,10.1,1414.0,12586.0,11172.0,9758.0,8344.0,6930.0,5516.0
7시리즈 5세대 (08~15년),11653.0,11653.0,2321.8,3551.0,2012.0,135760.8,0.0,0.2,0.0,15000.0,10.1,1515.0,13485.0,11970.0,10455.0,8940.0,7425.0,5910.0
7시리즈 6세대 (16년~현재),8708.923076923076,8708.923076923076,6292.461538461538,3425.153846153846,2017.3846153846155,75041.69230769231,0.0,0.07692307692307693,0.0,17000.0,10.099999999999998,1717.0,15283.0,13566.0,11849.0,10132.0,8415.0,6698.0
86,1285.0,1285.0,2690.0,1998.0,2017.0,51757.0,0.0,0.0,0.0,4875.0,9.0,439.0,4436.0,3997.0,3558.0,3119.0,2680.0,2241.0
A1,10927.0,10927.0,1180.0,1598.0,2014.0,98065.0,0.0,0.0,0.0,3500.0,8.3,291.0,3209.0,2918.0,2627.0,2336.0,2045.0,1754.0
A3 3세대,7605.363636363636,7605.363636363636,1666.2727272727273,1905.090909090909,2016.090909090909,73687.81818181818,0.0,0.0,0.0,4000.0,9.9,396.0,3604.0,3208.0,2812.0,2416.0,2020.0,1624.0
A4 3세대,13406.0,13406.0,300.0,2000.0,2007.0,73652.0,0.0,0.0,0.0,5000.0,9.0,450.0,4550.0,4100.0,3650.0,3200.0,2750.0,2300.0
A4 4세대,10927.862068965518,10927.862068965518,1139.5862068965516,1979.0344827586207,2013.1724137931035,110824.41379310345,0.0,0.13793103448275862,0.0,5000.0,9.0,450.0,4550.0,4100.0,3650.0,3200.0,2750.0,2300.0
A4 5세대,7204.692307692308,7204.692307692308,3034.6153846153848,1976.6153846153845,2018.3076923076924,36259.307692307695,0.0,0.23076923076923078,0.0,5500.0,9.0,495.0,5005.0,4510.0,4015.0,3520.0,3025.0,2530.0
A5 1세대,10722.8,10722.8,1544.8,1977.6,2013.0,118192.8,0.0,0.2,0.2,6450.0,9.8,632.0,5818.0,5186.0,4554.0,3922.0,3290.0,2658.0
A5 2세대,12510.23076923077,12510.23076923077,2188.3076923076924,1972.923076923077,2015.7692307692307,98486.53846153847,0.0,0.0,0.0,6350.0,9.8,622.0,5728.0,5106.0,4484.0,3862.0,3240.0,2618.0
A6 3세대,13784.75,13784.75,555.0,2674.25,2008.25,186085.0,0.0,0.0,0.0,7000.0,10.2,714.0,6286.0,5572.0,4858.0,4144.0,3430.0,2716.0
A6 4세대,9660.591549295774,9660.591549295774,2205.225352112676,2408.6901408450703,2015.4788732394366,108186.8309859155,0.0,0.056338028169014086,0.0,7000.0,10.2,714.0,6286.0,5572.0,4858.0,4144.0,3430.0,2716.0
A6 5세대,6581.0,6581.0,5308.555555555556,2197.1111111111113,2020.111111111111,30830.333333333332,0.0,0.0,0.0,7000.0,10.2,714.0,6286.0,5572.0,4858.0,4144.0,3430.0,2716.0
A7 1세대,8251.814814814816,8251.814814814816,2843.8888888888887,2981.703703703704,2014.4814814814815,112973.70370370371,0.0,0.1111111111111111,0.0,9000.0,9.3,837.0,8163.0,7326.0,6489.0,5652.0,4815.0,3978.0
A7 2세대,7704.0,7704.0,7930.0,2981.0,2020.0,13172.0,0.0,0.0,0.0,16000.0,9.3,1488.0,14512.0,13024.0,11536.0,10048.0,8560.0,7072.0
A8 2세대,12984.0,12984.0,540.0,3123.0,2006.0,127243.0,0.0,0.0,0.0,12000.0,8.3,996.0,11004.0,10008.0,9012.0,8016.0,7020.0,6024.0
A8 3세대,12073.666666666666,12073.666666666666,1763.0,2979.3333333333335,2011.3333333333333,152062.0,0.0,0.0,0.0,14000.0,8.3,1162.0,12838.0,11676.0,10514.0,9352.0,8190.0,7028.0
A8 4세대,10000.5,10000.5,9465.0,2967.0,2020.5,37957.5,0.0,0.0,0.0,15000.0,8.3,1245.0,13755.0,12510.0,11265.0,10020.0,8775.0,7530.0
AMG GT,9471.0,9471.0,20052.333333333332,3660.3333333333335,2020.0,10703.0,0.0,0.0,0.0,21000.0,-1.0,-1.0,-1.0,-1.0,-1.0,-1.0,-1.0,-1.0
ATS,10425.5,10425.5,1687.5,1998.0,2015.0,75811.0,0.0,0.0,0.0,5450.0,9.9,540.0,4910.0,4370.0,3830.0,3290.0,2750.0,2210.0
All New 마티즈,13742.0,13742.0,180.0,796.0,2008.0,41088.0,0.0,0.0,0.0,1200.0,6.2,74.0,1126.0,1052.0,978.0,904.0,830.0,756.0
A클래스 3세대,8551.857142857143,8551.857142857143,2045.0,1751.0,2016.2142857142858,70140.35714285714,0.0,0.07142857142857142,0.0,6130.0,11.8,723.0,5407.0,4684.0,3961.0,3238.0,2515.0,1792.0
A클래스 4세대,4408.8,4408.8,4201.866666666667,1991.0,2020.2666666666667,10429.333333333334,0.0,0.06666666666666667,0.0,5090.0,11.8,601.0,4489.0,3888.0,3287.0,2686.0,2085.0,1484.0
B클래스 1세대,13553.0,13553.0,510.0,2035.0,2009.5,132020.0,0.0,0.5,0.0,3850.0,8.1,312.0,3538.0,3226.0,2914.0,2602.0,2290.0,1978.0
B클래스 2세대,4876.2,4876.2,2126.0,2082.2,2016.6,64081.8,0.0,0.2,0.0,4300.0,8.1,348.0,3952.0,3604.0,3256.0,2908.0,2560.0,2212.0
C3 에어크로스,4124.0,4124.0,1902.5,1499.25,2019.75,17200.0,0.0,0.0,0.0,3100.0,-1.0,-1.0,-1.0,-1.0,-1.0,-1.0,-1.0,-1.0
C30,14072.0,14072.0,570.0,2435.0,2008.0,84500.0,0.0,0.0,0.0,3820.0,6.1,233.0,3587.0,3354.0,3121.0,2888.0,2655.0,2422.0
C4 칵투스,6501.0,6501.0,1280.0,1560.0,2017.0,54195.0,0.0,0.0,0.0,2790.0,10.9,304.0,2486.0,2182.0,1878.0,1574.0,1270.0,966.0
C40,5733.6,5733.6,4260.0,1969.0,2019.2,42423.6,0.0,0.0,0.0,6300.0,-1.0,-1.0,-1.0,-1.0,-1.0,-1.0,-1.0,-1.0
C5 에어크로스,4424.5,4424.5,2820.0,1748.0,2019.0,37871.0,0.0,0.0,0.0,4300.0,11.5,495.0,3805.0,3310.0,2815.0,2320.0,1825.0,1330.0
CC,13219.0,13219.0,610.0,1968.0,2011.0,147271.0,0.0,0.0,0.0,5190.0,8.8,457.0,4733.0,4276.0,3819.0,3362.0,2905.0,2448.0
CK,12050.0,12050.0,239.5,1342.0,2016.5,38331.5,0.0,0.0,0.0,1100.0,14.2,156.0,944.0,788.0,632.0,476.0,320.0,164.0
CLA클래스 1세대,4967.818181818182,4967.818181818182,2803.181818181818,2010.090909090909,2016.909090909091,62227.72727272727,0.0,0.09090909090909091,0.0,5380.0,9.2,495.0,4885.0,4390.0,3895.0,3400.0,2905.0,2410.0
CLA클래스 2세대,3664.5,3664.5,4965.0,1991.0,2020.0,19873.0,0.0,0.0,0.0,5560.0,9.2,512.0,5048.0,4536.0,4024.0,3512.0,3000.0,2488.0
CLS클래스 2세대,9085.3,9085.3,3482.0,2640.9,2015.5,96058.8,0.0,0.0,0.0,8920.0,9.6,856.0,8064.0,7208.0,6352.0,5496.0,4640.0,3784.0
CLS클래스 3세대,9417.6,9417.6,7143.8,2730.0,2019.0,47360.0,0.0,0.0,0.0,11160.0,9.6,1071.0,10089.0,9018.0,7947.0,6876.0,5805.0,4734.0
CRV 3세대,8598.0,8598.0,845.0,2354.0,2009.5,112972.5,0.0,0.5,0.0,3700.0,5.5,204.0,3496.0,3292.0,3088.0,2884.0,2680.0,2476.0
CRV 4세대,7670.5,7670.5,1810.0,2354.0,2014.0,73391.0,0.0,0.0,0.0,3900.0,5.5,215.0,3685.0,3470.0,3255.0,3040.0,2825.0,2610.0
CRV 5세대,4588.833333333333,4588.833333333333,3170.0,1498.0,2017.6666666666667,31892.833333333332,0.0,0.0,0.0,3900.0,5.5,215.0,3685.0,3470.0,3255.0,3040.0,2825.0,2610.0
CT,9834.0,9834.0,3215.0,1798.0,2018.0,18031.0,0.0,0.0,0.0,4500.0,7.1,320.0,4180.0,3860.0,3540.0,3220.0,2900.0,2580.0
CT6,6317.0,6317.0,3386.6666666666665,2548.3333333333335,2017.6666666666667,62274.666666666664,0.0,0.0,0.0,8837.0,14.199999999999998,1255.0,7582.0,6327.0,5072.0,3817.0,2562.0,1307.0
CTS,11497.75,11497.75,1914.75,1998.0,2016.0,102373.25,0.0,0.25,0.0,7088.0,12.2,865.0,6223.0,5358.0,4493.0,3628.0,2763.0,1898.0
C클래스 3세대,7614.7692307692305,7614.7692307692305,1138.3846153846155,1970.0,2011.6153846153845,100441.76923076923,0.0,0.0,0.0,6050.0,11.599999999999998,702.0,5348.0,4646.0,3944.0,3242.0,2540.0,1838.0
C클래스 4세대,6900.458333333333,6900.458333333333,3289.222222222222,2047.8055555555557,2017.3055555555557,68003.06944444444,0.0,0.1111111111111111,0.013888888888888888,8700.0,11.6,1009.0,7691.0,6682.0,5673.0,4664.0,3655.0,2646.0
DS3,11356.5,11356.5,624.5,1479.0,2013.0,91677.5,0.0,0.0,0.0,3300.0,9.0,297.0,3003.0,2706.0,2409.0,2112.0,1815.0,1518.0
DS4,13123.0,13123.0,690.0,1560.0,2013.0,146348.0,0.0,0.0,0.0,4190.0,9.3,390.0,3800.0,3410.0,3020.0,2630.0,2240.0,1850.0
DS5,10583.0,10583.0,820.0,1997.0,2013.0,150000.0,0.0,0.0,0.0,4700.0,9.2,432.0,4268.0,3836.0,3404.0,2972.0,2540.0,2108.0
DS7 크로스백,4861.0,4861.0,3650.0,1997.0,2019.0,45556.0,0.0,0.0,0.0,5800.0,12.4,719.0,5081.0,4362.0,3643.0,2924.0,2205.0,1486.0
EF쏘나타,13885.0,13885.0,390.0,1997.0,2004.0,36296.0,0.0,0.0,0.0,1700.0,8.7,148.0,1552.0,1404.0,1256.0,1108.0,960.0,812.0
EPACE,4655.5,4655.5,3290.0,1998.0,2018.5,32534.5,0.0,0.0,0.0,6470.0,14.0,906.0,5564.0,4658.0,3752.0,2846.0,1940.0,1034.0
EQ900,9014.66917293233,9014.66917293233,3283.0075187969924,3827.2556390977443,2017.4887218045112,77752.98496240602,0.0,0.06766917293233082,0.0,9000.0,13.6,1224.0,7776.0,6552.0,5328.0,4104.0,2880.0,1656.0
EQC,10609.0,10609.0,7050.0,0.0,2021.0,32269.0,0.0,0.0,0.0,9860.0,-1.0,-1.0,-1.0,-1.0,-1.0,-1.0,-1.0,-1.0
ES 5세대,12004.0,12004.0,929.0,3456.0,2011.0,127418.0,0.0,0.0,0.0,5500.0,8.5,468.0,5032.0,4564.0,4096.0,3628.0,3160.0,2692.0
ES 6세대,6705.7,6705.7,2791.1,2741.7,2015.9,80592.0,0.0,0.1,0.0,6000.0,8.5,510.0,5490.0,4980.0,4470.0,3960.0,3450.0,2940.0
ES 7세대,4036.0,4036.0,5155.0,2487.0,2020.0,27677.5,0.0,0.0,0.0,6000.0,8.5,510.0,5490.0,4980.0,4470.0,3960.0,3450.0,2940.0
EV6 (21년~현재),3205.6666666666665,3205.6666666666665,5606.666666666667,0.0,2022.0,10276.333333333334,0.0,0.0,0.0,5500.0,-1.0,-1.0,-1.0,-1.0,-1.0,-1.0,-1.0,-1.0
EX,13230.0,13230.0,530.0,3456.0,2010.0,168778.0,0.0,1.0,0.0,5500.0,7.5,413.0,5087.0,4674.0,4261.0,3848.0,3435.0,3022.0
E클래스 10세대,6746.935483870968,6746.935483870968,4809.120967741936,2092.5725806451615,2018.3064516129032,64171.33064516129,0.0,0.07258064516129033,0.0,8920.0,10.7,954.0,7966.0,7012.0,6058.0,5104.0,4150.0,3196.0
E클래스 7세대,11211.0,11211.0,5240.0,1950.0,1999.0,27361.0,0.0,1.0,0.0,6000.0,10.7,642.0,5358.0,4716.0,4074.0,3432.0,2790.0,2148.0
E클래스 8세대,14164.0,14164.0,690.0,2143.0,2005.0,147669.0,0.0,0.0,0.0,5950.0,10.7,637.0,5313.0,4676.0,4039.0,3402.0,2765.0,2128.0
E클래스 9세대,9093.48,9093.48,1877.86,2595.5,2013.34,117178.76,0.0,0.08,0.0,9540.0,10.7,1021.0,8519.0,7498.0,6477.0,5456.0,4435.0,3414.0
F150,9747.4,9747.4,4536.0,4500.8,2015.8,117078.0,0.0,0.4,0.0,4500.0,-1.0,-1.0,-1.0,-1.0,-1.0,-1.0,-1.0,-1.0
FPACE,8894.8,8894.8,4104.0,2198.2,2018.4,44042.0,0.0,0.4,0.0,8110.0,13.7,1111.0,6999.0,5888.0,4777.0,3666.0,2555.0,1444.0
FX,12872.0,12872.0,530.0,3500.0,2007.0,230535.0,0.0,0.0,0.0,8000.0,6.2,496.0,7504.0,7008.0,6512.0,6016.0,5520.0,5024.0
F타입,7489.666666666667,7489.666666666667,4771.666666666667,3330.6666666666665,2016.0,66944.33333333333,0.0,0.3333333333333333,0.0,15080.0,11.4,1719.0,13361.0,11642.0,9923.0,8204.0,6485.0,4766.0
G37,764.0,764.0,890.0,3696.0,2010.0,80196.0,0.0,0.0,0.0,5000.0,6.8,340.0,4660.0,4320.0,3980.0,3640.0,3300.0,2960.0
G4 렉스턴,6440.84,6440.84,2607.16,2157.0,2019.0,61823.72,0.0,0.08,0.0,4000.0,-1.0,-1.0,-1.0,-1.0,-1.0,-1.0,-1.0,-1.0
G70,7370.370689655172,7370.370689655172,2664.9655172413795,2630.2844827586205,2019.0344827586207,29644.379310344826,0.0,0.07758620689655173,0.0,4400.0,13.6,598.0,3802.0,3204.0,2606.0,2008.0,1410.0,812.0
G80,7650.915540540541,7650.915540540541,2989.8783783783783,3258.0574324324325,2018.8614864864865,50315.08445945946,0.0,0.11148648648648649,0.0,6117.0,13.6,832.0,5285.0,4453.0,3621.0,2789.0,1957.0,1125.0
G90,7330.328947368421,7330.328947368421,4841.973684210527,3898.9736842105262,2019.407894736842,38326.11842105263,0.0,0.14473684210526316,0.0,10737.0,13.6,1460.0,9277.0,7817.0,6357.0,4897.0,3437.0,1977.0
GLA클래스 1세대,6180.909090909091,6180.909090909091,3075.2727272727275,2044.2121212121212,2017.7878787878788,58689.63636363636,0.0,0.12121212121212122,0.0,5350.0,9.9,530.0,4820.0,4290.0,3760.0,3230.0,2700.0,2170.0
GLA클래스 2세대,6479.0,6479.0,4910.0,1991.0,2020.0,25500.666666666668,0.0,0.6666666666666666,0.0,5700.0,9.9,564.0,5136.0,4572.0,4008.0,3444.0,2880.0,2316.0
GLB클래스,7195.666666666667,7195.666666666667,5746.666666666667,2312.3333333333335,2021.0,10146.0,0.0,0.0,0.0,6210.0,-1.0,-1.0,-1.0,-1.0,-1.0,-1.0,-1.0,-1.0
GLC클래스,7249.6,7249.6,5264.7,2230.0,2018.6,53954.65,0.0,0.15,0.0,8090.0,10.3,833.0,7257.0,6424.0,5591.0,4758.0,3925.0,3092.0
GLE클래스 1세대,5818.333333333333,5818.333333333333,4762.222222222223,2893.222222222222,2017.2222222222222,112059.77777777778,0.0,0.0,0.0,5380.0,-1.0,-1.0,-1.0,-1.0,-1.0,-1.0,-1.0,-1.0
GLE클래스 2세대,6386.0,6386.0,10116.25,2718.25,2020.0,30478.25,0.0,0.0,0.0,5950.0,-1.0,-1.0,-1.0,-1.0,-1.0,-1.0,-1.0,-1.0
GLK클래스,10634.0,10634.0,1688.75,2143.0,2012.25,134752.25,0.0,0.0,0.0,6190.0,7.5,464.0,5726.0,5262.0,4798.0,4334.0,3870.0,3406.0
GLS클래스 2세대,11256.0,11256.0,6424.5,2987.0,2017.0,96448.0,0.0,0.0,0.0,13500.0,10.5,1418.0,12082.0,10664.0,9246.0,7828.0,6410.0,4992.0
GS 4세대,935.0,935.0,1960.0,3456.0,2013.0,109255.0,0.0,0.0,0.0,8000.0,8.4,672.0,7328.0,6656.0,5984.0,5312.0,4640.0,3968.0
GV60,4331.0,4331.0,7385.0,0.0,2022.0,2061.5,0.0,0.0,0.0,7143.0,13.6,971.0,6172.0,5201.0,4230.0,3259.0,2288.0,1317.0
GV70,6868.648648648648,6868.648648648648,4058.3783783783783,2749.2972972972975,2021.0,10964.18918918919,0.0,0.24324324324324326,0.0,6484.0,13.6,882.0,5602.0,4720.0,3838.0,2956.0,2074.0,1192.0
GV80,8213.0,8213.0,3287.4,2985.5454545454545,2020.3090909090909,8337.2,0.0,0.01818181818181818,0.0,6900.0,13.6,938.0,5962.0,5024.0,4086.0,3148.0,2210.0,1272.0
G클래스 2세대,756.0,756.0,7900.0,2987.0,2013.0,110872.0,0.0,0.0,0.0,21650.0,7.1,1537.0,20113.0,18576.0,17039.0,15502.0,13965.0,12428.0
H2,14527.0,14527.0,5400.0,4396.0,2008.0,81504.0,0.0,0.0,0.0,3312.0,-1.0,-1.0,-1.0,-1.0,-1.0,-1.0,-1.0,-1.0
HRV,11895.0,11895.0,1299.0,1798.0,2016.0,81093.0,0.0,0.0,0.0,3190.0,9.9,316.0,2874.0,2558.0,2242.0,1926.0,1610.0,1294.0
I30,13709.2,13709.2,467.8,1589.2,2009.0,99617.4,0.0,0.0,0.0,2200.0,7.1,156.0,2044.0,1888.0,1732.0,1576.0,1420.0,1264.0
IS 2세대,9305.333333333334,9305.333333333334,643.3333333333334,2500.0,2006.6666666666667,125375.33333333333,0.0,0.3333333333333333,0.0,6000.0,6.599999999999999,396.0,5604.0,5208.0,4812.0,4416.0,4020.0,3624.0
IS 3세대,10588.666666666666,10588.666666666666,2372.3333333333335,2333.3333333333335,2015.0,88261.66666666667,0.0,0.0,0.0,5500.0,6.599999999999999,363.0,5137.0,4774.0,4411.0,4048.0,3685.0,3322.0
K3 (12~15년),6461.618421052632,6461.618421052632,912.3684210526316,1590.407894736842,2014.4473684210527,80584.21052631579,0.0,0.3026315789473684,0.0,2000.0,10.0,200.0,1800.0,1600.0,1400.0,1200.0,1000.0,800.0
K3 쿱 (13~16년),10171.5,10171.5,975.0,1591.0,2014.5,80946.5,0.0,0.0,0.0,2000.0,10.0,200.0,1800.0,1600.0,1400.0,1200.0,1000.0,800.0
K5 (10~13년),9072.813559322034,9072.813559322034,732.1186440677966,2027.4237288135594,2011.9322033898304,120298.38983050847,0.0,0.2033898305084746,0.0,2600.0,9.8,255.0,2345.0,2090.0,1835.0,1580.0,1325.0,1070.0
K5 (19년~현재),6329.649122807017,6329.649122807017,2327.4473684210525,1816.482456140351,2020.3333333333333,22118.754385964912,0.0,0.03508771929824561,0.0,3000.0,9.8,294.0,2706.0,2412.0,2118.0,1824.0,1530.0,1236.0
K5 2세대 (15~18년),7139.35593220339,7139.35593220339,1182.7966101694915,1942.4237288135594,2017.0762711864406,78287.40677966102,0.0,0.1271186440677966,0.0,3000.0,9.8,294.0,2706.0,2412.0,2118.0,1824.0,1530.0,1236.0
K5 하이브리드 (11~15년),10793.416666666666,10793.416666666666,985.0,1999.0,2013.3333333333333,122419.16666666667,0.0,0.08333333333333333,0.08333333333333333,3000.0,9.8,294.0,2706.0,2412.0,2118.0,1824.0,1530.0,1236.0
K5 하이브리드 (19년~현재),7125.470588235294,7125.470588235294,3232.3529411764707,1998.9411764705883,2020.235294117647,35767.94117647059,0.0,0.11764705882352941,0.0,3300.0,9.8,323.0,2977.0,2654.0,2331.0,2008.0,1685.0,1362.0
K5 하이브리드 2세대 (15~18년),6749.666666666667,6749.666666666667,1873.3333333333333,1999.0,2017.3333333333333,71154.66666666667,0.0,0.0,0.0,3500.0,9.8,343.0,3157.0,2814.0,2471.0,2128.0,1785.0,1442.0
K7 (09~11년),13061.666666666666,13061.666666666666,586.6666666666666,2742.1666666666665,2010.5,125784.5,0.0,0.16666666666666666,0.0,3000.0,10.800000000000002,324.0,2676.0,2352.0,2028.0,1704.0,1380.0,1056.0
K7 프리미어 (19~21년),7356.375,7356.375,1922.875,2709.0375,2019.9,15997.8,0.0,0.0125,0.0,3500.0,10.8,378.0,3122.0,2744.0,2366.0,1988.0,1610.0,1232.0
K7 프리미어 하이브리드 (19~21년),5942.347826086957,5942.347826086957,2762.1739130434785,2362.0,2020.0869565217392,20984.217391304348,0.0,0.043478260869565216,0.0,3800.0,10.8,410.0,3390.0,2980.0,2570.0,2160.0,1750.0,1340.0
K7 하이브리드 (13~16년),11396.0,11396.0,1178.3333333333333,2365.8333333333335,2015.3333333333333,128035.16666666667,0.0,0.0,0.0,3700.0,10.800000000000002,400.0,3300.0,2900.0,2500.0,2100.0,1700.0,1300.0
K8 (21년~현재),4754.2,4754.2,3774.0,2886.8,2021.8,13263.8,0.0,0.0,0.0,3500.0,-1.0,-1.0,-1.0,-1.0,-1.0,-1.0,-1.0,-1.0
K8 하이브리드 (21년~현재),1969.0,1969.0,4550.0,1598.0,2022.0,21935.0,0.0,1.0,0.0,4000.0,-1.0,-1.0,-1.0,-1.0,-1.0,-1.0,-1.0,-1.0
K9 (12~14년),8021.259259259259,8021.259259259259,1644.7407407407406,3438.1481481481483,2013.851851851852,106795.62962962964,0.0,0.18518518518518517,0.0,6500.0,13.8,897.0,5603.0,4706.0,3809.0,2912.0,2015.0,1118.0
LF쏘나타,7027.205357142857,7027.205357142857,1242.8839285714287,1965.5625,2015.919642857143,99668.95535714286,0.0,0.2767857142857143,0.0,2600.0,8.7,226.0,2374.0,2148.0,1922.0,1696.0,1470.0,1244.0
LF쏘나타 하이브리드,7394.4375,7394.4375,1542.5,1999.0,2016.0,119601.125,0.0,0.25,0.0,3139.0,8.7,273.0,2866.0,2593.0,2320.0,2047.0,1774.0,1501.0
LS 4세대,11005.666666666666,11005.666666666666,3051.3333333333335,4608.0,2014.6666666666667,116675.66666666667,0.0,0.3333333333333333,0.0,12000.0,10.9,1308.0,10692.0,9384.0,8076.0,6768.0,5460.0,4152.0
LS 5세대,5664.4,5664.4,7078.0,3453.8,2018.2,71707.2,0.0,0.2,0.0,13000.0,10.9,1417.0,11583.0,10166.0,8749.0,7332.0,5915.0,4498.0
M2 (16년~현재),12326.0,12326.0,7200.0,2979.0,2020.0,13779.0,0.0,0.0,0.0,11550.0,-1.0,-1.0,-1.0,-1.0,-1.0,-1.0,-1.0,-1.0
M3 5세대 (14년~현재),4519.0,4519.0,5686.666666666667,2979.0,2015.6666666666667,41467.666666666664,0.0,0.0,0.0,12000.0,8.3,996.0,11004.0,10008.0,9012.0,8016.0,7020.0,6024.0
M4 1세대 (14년~현재),4629.0,4629.0,4650.0,2979.0,2015.0,51650.0,0.0,0.0,0.0,11810.0,8.7,1027.0,10783.0,9756.0,8729.0,7702.0,6675.0,5648.0
M5 5세대 (12~17년),5431.0,5431.0,5190.0,4395.0,2016.0,53683.0,0.0,0.0,0.0,14280.0,15.1,2156.0,12124.0,9968.0,7812.0,5656.0,3500.0,1344.0
M5 6세대 (18년~현재),4051.0,4051.0,11900.0,4395.0,2022.0,5192.0,0.0,1.0,0.0,17000.0,15.1,2567.0,14433.0,11866.0,9299.0,6732.0,4165.0,1598.0
M6 2세대 (05~10년),12128.0,12128.0,4390.0,4395.0,2013.0,124967.0,0.0,0.0,0.0,18500.0,8.5,1573.0,16927.0,15354.0,13781.0,12208.0,10635.0,9062.0
MKC,11837.0,11837.0,2185.0,1999.0,2016.0,56680.5,0.0,0.0,0.0,5230.0,9.7,507.0,4723.0,4216.0,3709.0,3202.0,2695.0,2188.0
MKS,10724.375,10724.375,856.0,3726.0,2013.0,115688.375,0.0,0.0,0.0,5700.0,9.4,536.0,5164.0,4628.0,4092.0,3556.0,3020.0,2484.0
MKX 1세대,13376.0,13376.0,860.0,3726.0,2011.5,153194.5,0.0,0.0,0.0,5700.0,9.3,530.0,5170.0,4640.0,4110.0,3580.0,3050.0,2520.0
MKX 2세대,10468.5,10468.5,2125.0,2700.0,2016.5,119111.0,0.0,0.0,0.0,6100.0,9.3,567.0,5533.0,4966.0,4399.0,3832.0,3265.0,2698.0
MKZ 2세대,10404.0,10404.0,1765.7142857142858,1999.0,2015.142857142857,125344.14285714286,0.0,0.0,0.0,5600.0,10.0,560.0,5040.0,4480.0,3920.0,3360.0,2800.0,2240.0
MQ4,8256.745762711864,8256.745762711864,1257.2881355932204,2103.3728813559323,2020.2881355932204,3392.593220338983,0.0,0.0,0.0,4000.0,9.1,364.0,3636.0,3272.0,2908.0,2544.0,2180.0,1816.0
M클래스 2세대,13387.5,13387.5,1025.0,3724.0,2007.5,195824.5,0.0,0.0,0.0,9380.0,7.0,657.0,8723.0,8066.0,7409.0,6752.0,6095.0,5438.0
M클래스 3세대,11876.333333333334,11876.333333333334,3470.0,3232.6666666666665,2014.3333333333333,95393.33333333333,0.0,0.0,0.0,9130.0,7.0,639.0,8491.0,7852.0,7213.0,6574.0,5935.0,5296.0
NF쏘나타,13274.8,13274.8,288.0,1998.0,2007.2,114053.2,0.0,0.2,0.0,1700.0,8.7,148.0,1552.0,1404.0,1256.0,1108.0,960.0,812.0
NF쏘나타 트랜스폼,6138.272727272727,6138.272727272727,445.1818181818182,1998.0,2008.8181818181818,99124.27272727272,0.0,0.36363636363636365,0.0,2400.0,8.7,209.0,2191.0,1982.0,1773.0,1564.0,1355.0,1146.0
NX,3283.3333333333335,3283.3333333333335,4510.0,2494.0,2018.6666666666667,30478.333333333332,0.0,0.0,0.0,6200.0,8.2,508.0,5692.0,5184.0,4676.0,4168.0,3660.0,3152.0
Q3 1세대,11258.0,11258.0,1712.857142857143,1968.0,2014.4285714285713,116905.0,0.0,0.0,0.0,6000.0,9.5,570.0,5430.0,4860.0,4290.0,3720.0,3150.0,2580.0
Q3 2세대,6122.0,6122.0,4400.0,1968.0,2020.0,23015.0,0.0,0.0,0.0,5000.0,9.5,475.0,4525.0,4050.0,3575.0,3100.0,2625.0,2150.0
Q30,3782.375,3782.375,2185.0,1991.0,2018.0,38040.0,0.0,0.0,0.0,4000.0,11.3,452.0,3548.0,3096.0,2644.0,2192.0,1740.0,1288.0
Q5 1세대,12842.0,12842.0,1738.3846153846155,2292.769230769231,2013.6153846153845,155009.0,0.0,0.07692307692307693,0.0,7000.0,8.9,623.0,6377.0,5754.0,5131.0,4508.0,3885.0,3262.0
Q5 2세대,6764.666666666667,6764.666666666667,6423.333333333333,2311.6666666666665,2020.6666666666667,6759.0,0.0,0.0,0.0,7000.0,8.9,623.0,6377.0,5754.0,5131.0,4508.0,3885.0,3262.0
Q50,6473.75,6473.75,1340.0,2143.0,2014.75,107354.5,0.0,0.0,0.0,4200.0,9.4,395.0,3805.0,3410.0,3015.0,2620.0,2225.0,1830.0
Q7 1세대,12700.0,12700.0,2090.0,2967.0,2015.0,213364.0,0.0,0.0,0.0,10000.0,13.5,1350.0,8650.0,7300.0,5950.0,4600.0,3250.0,1900.0
Q7 2세대,4093.4,4093.4,5374.0,1984.0,2019.0,40676.8,0.0,0.0,0.0,9500.0,13.5,1283.0,8217.0,6934.0,5651.0,4368.0,3085.0,1802.0
Q70,8238.0,8238.0,1865.0,3520.25,2015.5,76176.75,0.0,0.0,0.0,6000.0,10.6,636.0,5364.0,4728.0,4092.0,3456.0,2820.0,2184.0
Q8,8723.5,8723.5,9220.0,2967.0,2020.0,15045.5,0.0,0.0,0.0,10000.0,-1.0,-1.0,-1.0,-1.0,-1.0,-1.0,-1.0,-1.0
QM3,7182.857142857143,7182.857142857143,930.9795918367347,1475.8775510204082,2016.4489795918366,53984.102040816324,0.0,0.02040816326530612,0.0,2400.0,12.4,298.0,2102.0,1804.0,1506.0,1208.0,910.0,612.0
QM5,13550.3,13550.3,361.0,2242.5,2008.9,182107.3,0.0,0.2,0.0,2700.0,7.5,203.0,2497.0,2294.0,2091.0,1888.0,1685.0,1482.0
QM5 네오,5916.0,5916.0,1050.0,1997.25,2014.625,87647.125,0.0,0.0,0.0,3000.0,7.5,225.0,2775.0,2550.0,2325.0,2100.0,1875.0,1650.0
QM6,6134.552380952381,6134.552380952381,1767.4952380952382,1996.2857142857142,2018.047619047619,64365.01904761905,0.0,0.02857142857142857,0.0,3000.0,13.3,399.0,2601.0,2202.0,1803.0,1404.0,1005.0,606.0
QX60,5589.0,5589.0,2140.0,3498.0,2015.0,69628.5,0.0,0.0,0.0,6000.0,9.2,552.0,5448.0,4896.0,4344.0,3792.0,3240.0,2688.0
QX7,11749.0,11749.0,2150.0,3696.0,2014.0,124901.0,0.0,0.0,0.0,6890.0,8.6,593.0,6297.0,5704.0,5111.0,4518.0,3925.0,3332.0
RAV4,10869.0,10869.0,2700.0,2487.0,2017.0,89939.0,0.0,0.0,0.0,3740.0,6.5,243.0,3497.0,3254.0,3011.0,2768.0,2525.0,2282.0
RAV4 4세대,4156.0,4156.0,1990.0,2494.0,2014.0,29955.0,0.0,1.0,0.0,3750.0,6.5,244.0,3506.0,3262.0,3018.0,2774.0,2530.0,2286.0
RAV4 5세대,2087.0,2087.0,3016.6666666666665,2489.3333333333335,2020.0,39201.0,0.0,0.0,0.0,3600.0,6.5,234.0,3366.0,3132.0,2898.0,2664.0,2430.0,2196.0
RS5,11877.0,11877.0,4090.0,4163.0,2015.0,56022.0,0.0,0.0,0.0,12000.0,9.4,1128.0,10872.0,9744.0,8616.0,7488.0,6360.0,5232.0
RX 4세대,4355.5,4355.5,5650.0,3456.0,2019.0,54089.5,0.0,0.5,0.0,9000.0,12.4,1116.0,7884.0,6768.0,5652.0,4536.0,3420.0,2304.0
S4,14314.5,14314.5,1275.0,2995.0,2010.5,84487.0,0.0,0.0,0.0,8000.0,7.3,584.0,7416.0,6832.0,6248.0,5664.0,5080.0,4496.0
S40 1세대,14498.0,14498.0,300.0,2435.0,2006.0,151935.0,0.0,0.0,0.0,3960.0,5.8,230.0,3730.0,3500.0,3270.0,3040.0,2810.0,2580.0
S60 2세대,5495.444444444444,5495.444444444444,1878.3333333333333,1953.888888888889,2016.2777777777778,70745.0,0.0,0.1111111111111111,0.0,4510.0,9.9,446.0,4064.0,3618.0,3172.0,2726.0,2280.0,1834.0
S60 3세대,3279.6666666666665,3279.6666666666665,4250.0,1969.0,2020.0,42259.0,0.0,0.0,0.0,5000.0,9.9,495.0,4505.0,4010.0,3515.0,3020.0,2525.0,2030.0
S7,5617.0,5617.0,3650.0,3993.0,2015.0,89446.0,0.0,0.0,0.0,12000.0,9.9,1188.0,10812.0,9624.0,8436.0,7248.0,6060.0,4872.0
S80 2세대,13609.0,13609.0,1135.0,2185.0,2011.5,150175.0,0.0,0.0,0.0,5850.0,7.7,450.0,5400.0,4950.0,4500.0,4050.0,3600.0,3150.0
S90 2세대,7628.777777777777,7628.777777777777,4582.222222222223,1969.0,2018.7777777777778,71658.22222222222,0.0,0.0,0.0,6890.0,10.4,717.0,6173.0,5456.0,4739.0,4022.0,3305.0,2588.0
SLK클래스 3세대,9039.666666666666,9039.666666666666,2233.3333333333335,1796.0,2013.0,101763.0,0.0,0.0,0.0,8290.0,8.1,671.0,7619.0,6948.0,6277.0,5606.0,4935.0,4264.0
SM3 네오,5760.56,5760.56,790.6133333333333,1594.8133333333333,2016.3733333333332,60968.85333333333,0.0,0.12,0.0,2000.0,9.1,182.0,1818.0,1636.0,1454.0,1272.0,1090.0,908.0
SM3 뉴 제너레이션,11506.5,11506.5,300.0,1596.0,2010.0,88820.5,0.0,0.5,0.0,1500.0,9.1,137.0,1363.0,1226.0,1089.0,952.0,815.0,678.0
SM5,13286.0,13286.0,110.0,1838.0,2005.0,122361.0,0.0,1.0,0.0,2000.0,8.9,178.0,1822.0,1644.0,1466.0,1288.0,1110.0,932.0
SM5 노바,6996.567164179104,6996.567164179104,950.2835820895523,1925.2686567164178,2017.1940298507463,59494.64179104478,0.0,0.07462686567164178,0.0,2500.0,8.9,223.0,2277.0,2054.0,1831.0,1608.0,1385.0,1162.0
SM5 뉴 임프레션,10938.5,10938.5,335.0,1998.0,2008.9285714285713,105676.35714285714,0.0,0.21428571428571427,0.0,2300.0,8.9,205.0,2095.0,1890.0,1685.0,1480.0,1275.0,1070.0
SM6,6999.94930875576,6999.94930875576,1325.5668202764978,1885.4285714285713,2017.778801843318,48801.069124423964,0.0,0.07373271889400922,0.0,3000.0,13.5,405.0,2595.0,2190.0,1785.0,1380.0,975.0,570.0
SM7,14488.0,14488.0,260.0,2349.0,2008.0,168569.0,0.0,0.0,0.0,3200.0,10.0,320.0,2880.0,2560.0,2240.0,1920.0,1600.0,1280.0
SM7 노바,6264.411764705882,6264.411764705882,1200.1764705882354,2402.9607843137255,2016.7843137254902,61175.294117647056,0.0,0.0784313725490196,0.0,3300.0,10.0,330.0,2970.0,2640.0,2310.0,1980.0,1650.0,1320.0
SM7 뉴 아트,11640.2,11640.2,387.3,2349.0,2009.7,125395.6,0.0,0.2,0.0,3200.0,10.0,320.0,2880.0,2560.0,2240.0,1920.0,1600.0,1280.0
SRX,12180.0,12180.0,880.0,2994.0,2010.0,149000.0,0.0,0.0,0.0,7050.0,7.3,515.0,6535.0,6020.0,5505.0,4990.0,4475.0,3960.0
S클래스 5세대,13692.357142857143,13692.357142857143,1518.5714285714287,4813.714285714285,2009.857142857143,180641.85714285713,0.0,0.0,0.0,19500.0,9.7,1892.0,17608.0,15716.0,13824.0,11932.0,10040.0,8148.0
S클래스 6세대,8599.290322580646,8599.290322580646,7290.451612903225,3744.3225806451615,2016.225806451613,104328.09677419355,0.0,0.06451612903225806,0.0,24000.0,9.7,2328.0,21672.0,19344.0,17016.0,14688.0,12360.0,10032.0
S클래스 7세대,8384.666666666666,8384.666666666666,21650.0,3654.3333333333335,2021.3333333333333,10432.666666666666,0.0,0.0,0.0,18300.0,9.7,1775.0,16525.0,14750.0,12975.0,11200.0,9425.0,7650.0
TT 1세대,14105.0,14105.0,790.0,1781.0,2005.0,83943.0,0.0,0.0,0.0,6000.0,5.3,318.0,5682.0,5364.0,5046.0,4728.0,4410.0,4092.0
TT 2세대,13834.0,13834.0,949.0,1984.0,2007.0,145320.0,0.0,0.0,0.0,6000.0,5.3,318.0,5682.0,5364.0,5046.0,4728.0,4410.0,4092.0
UX,7644.666666666667,7644.666666666667,3726.6666666666665,1987.0,2019.0,59873.0,0.0,0.0,0.0,5000.0,8.5,425.0,4575.0,4150.0,3725.0,3300.0,2875.0,2450.0
V36,13336.333333333334,13336.333333333334,695.3333333333334,3429.3333333333335,2009.7777777777778,149773.44444444444,0.0,0.2222222222222222,0.0,4500.0,6.9,311.0,4189.0,3878.0,3567.0,3256.0,2945.0,2634.0
V40 2세대,3450.75,3450.75,1682.5,1866.75,2016.0,64214.75,0.0,0.5,0.0,4000.0,10.6,424.0,3576.0,3152.0,2728.0,2304.0,1880.0,1456.0
V40 크로스컨트리,2772.3333333333335,2772.3333333333335,2406.6666666666665,1969.0,2018.3333333333333,37381.666666666664,0.0,0.6666666666666666,0.0,4610.0,10.6,489.0,4121.0,3632.0,3143.0,2654.0,2165.0,1676.0
V50,14362.0,14362.0,550.0,2435.0,2006.0,171285.0,0.0,1.0,0.0,3800.0,5.3,201.0,3599.0,3398.0,3197.0,2996.0,2795.0,2594.0
V60 1세대,2149.0,2149.0,2550.0,1969.0,2017.0,39819.0,0.0,0.0,0.0,5420.0,7.4,401.0,5019.0,4618.0,4217.0,3816.0,3415.0,3014.0
V60 크로스컨트리 1세대,12445.0,12445.0,2345.0,2185.0,2016.5,90108.5,0.0,0.0,0.0,4180.0,7.4,309.0,3871.0,3562.0,3253.0,2944.0,2635.0,2326.0
V60 크로스컨트리 2세대,5236.666666666667,5236.666666666667,5030.0,1969.0,2020.0,29181.333333333332,0.0,0.0,0.0,5640.0,7.400000000000001,417.0,5223.0,4806.0,4389.0,3972.0,3555.0,3138.0
V90 크로스컨트리,7590.0,7590.0,4526.666666666667,1969.0,2017.6666666666667,61677.666666666664,0.0,0.3333333333333333,0.0,7240.0,8.6,623.0,6617.0,5994.0,5371.0,4748.0,4125.0,3502.0
V클래스 3세대,2229.0,2229.0,5650.0,2000.0,2016.0,30948.0,0.0,0.0,0.0,5720.0,0.2,11.0,5709.0,5698.0,5687.0,5676.0,5665.0,5654.0
X1 1세대 (10~15년),12006.0,12006.0,926.6666666666666,2000.0,2011.6666666666667,148154.66666666666,0.0,0.0,0.0,5000.0,8.3,415.0,4585.0,4170.0,3755.0,3340.0,2925.0,2510.0
X1 2세대 (16년~현재),5350.142857142857,5350.142857142857,3180.0,1996.7142857142858,2017.857142857143,41910.57142857143,0.0,0.14285714285714285,0.0,5000.0,8.3,415.0,4585.0,4170.0,3755.0,3340.0,2925.0,2510.0
X2 (18년~현재),3829.0,3829.0,4150.0,1998.0,2020.0,15505.0,0.0,0.0,0.0,5500.0,-1.0,-1.0,-1.0,-1.0,-1.0,-1.0,-1.0,-1.0
X3 1세대 (04~10년),14374.0,14374.0,2360.0,2000.0,2016.0,88979.0,0.0,1.0,0.0,7410.0,9.1,674.0,6736.0,6062.0,5388.0,4714.0,4040.0,3366.0
X3 2세대 (11~17년),7912.111111111111,7912.111111111111,2267.6666666666665,2108.8888888888887,2014.4444444444443,124609.33333333333,0.0,0.1111111111111111,0.0,6850.0,9.1,623.0,6227.0,5604.0,4981.0,4358.0,3735.0,3112.0
X3 3세대 (17년~현재),4525.166666666667,4525.166666666667,4351.666666666667,1994.3333333333333,2017.5,59145.333333333336,0.0,0.3333333333333333,0.0,7500.0,9.1,683.0,6817.0,6134.0,5451.0,4768.0,4085.0,3402.0
X4 1세대 (14~18년),5704.571428571428,5704.571428571428,3035.5714285714284,1995.5714285714287,2015.7142857142858,100365.57142857143,0.0,0.14285714285714285,0.0,7000.0,9.2,644.0,6356.0,5712.0,5068.0,4424.0,3780.0,3136.0
X4 2세대 (18년~현재),8884.0,8884.0,6018.0,2195.6,2019.8,25718.0,0.0,0.0,0.0,8000.0,9.2,736.0,7264.0,6528.0,5792.0,5056.0,4320.0,3584.0
X5 3세대 (13~18년),7883.25,7883.25,4705.0,2996.5,2016.0,107418.91666666667,0.0,0.0,0.0,10500.0,9.3,977.0,9523.0,8546.0,7569.0,6592.0,5615.0,4638.0
X5 4세대 (19년~현재),7937.75,7937.75,8480.0,2995.5,2019.75,30679.75,0.0,0.25,0.0,11000.0,9.3,1023.0,9977.0,8954.0,7931.0,6908.0,5885.0,4862.0
X6 1세대 (08~14년),11487.666666666666,11487.666666666666,2696.3333333333335,2997.6666666666665,2012.6666666666667,160223.33333333334,0.0,0.0,0.0,11000.0,10.3,1133.0,9867.0,8734.0,7601.0,6468.0,5335.0,4202.0
X6 2세대 (14~19년),8674.4,8674.4,5287.7,2993.0,2017.1,103276.8,0.0,0.2,0.0,12500.0,10.3,1288.0,11212.0,9924.0,8636.0,7348.0,6060.0,4772.0
X6 3세대 (20년~현재),12139.5,12139.5,7000.0,2993.0,2017.5,89307.0,0.0,0.0,0.0,13000.0,10.3,1339.0,11661.0,10322.0,8983.0,7644.0,6305.0,4966.0
X7 (19년~현재),10583.0,10583.0,11628.5,2995.5,2021.5,5783.5,0.0,0.0,0.0,13000.0,-1.0,-1.0,-1.0,-1.0,-1.0,-1.0,-1.0,-1.0
XC60 1세대,11096.5,11096.5,1665.0,2184.5,2015.5,195096.5,0.0,0.0,0.0,6220.0,7.3,454.0,5766.0,5312.0,4858.0,4404.0,3950.0,3496.0
XC60 2세대,4130.4,4130.4,6331.0,1969.0,2020.2,25998.2,0.0,0.0,0.0,6590.0,7.3,481.0,6109.0,5628.0,5147.0,4666.0,4185.0,3704.0
XC90 1세대,14054.0,14054.0,690.0,1969.0,2004.0,130000.0,0.0,0.0,0.0,9390.0,6.9,648.0,8742.0,8094.0,7446.0,6798.0,6150.0,5502.0
XC90 2세대,6810.75,6810.75,6182.5,1969.0,2018.25,75596.625,0.0,0.125,0.0,8720.0,6.9,602.0,8118.0,7516.0,6914.0,6312.0,5710.0,5108.0
XE,8432.666666666666,8432.666666666666,1963.2222222222222,2109.6666666666665,2016.6666666666667,74750.66666666667,0.0,0.0,0.0,6120.0,12.7,777.0,5343.0,4566.0,3789.0,3012.0,2235.0,1458.0
XF,12129.75,12129.75,1179.0,2309.6666666666665,2013.1666666666667,115856.83333333333,0.0,0.3333333333333333,0.0,8320.0,11.1,924.0,7396.0,6472.0,5548.0,4624.0,3700.0,2776.0
XJ,12184.5,12184.5,2285.0,3246.25,2013.75,140364.5,0.0,0.0,0.0,13200.0,10.8,1426.0,11774.0,10348.0,8922.0,7496.0,6070.0,4644.0
XJ 5세대,9730.0,9730.0,6537.0,2993.0,2019.0,42780.0,0.0,0.0,0.0,16600.0,10.8,1793.0,14807.0,13014.0,11221.0,9428.0,7635.0,5842.0
XM3,6259.0,6259.0,1536.655172413793,1382.471264367816,2020.3333333333333,14162.356321839081,0.0,0.0,0.0,2300.0,-1.0,-1.0,-1.0,-1.0,-1.0,-1.0,-1.0,-1.0
XT5,8012.0,8012.0,3960.0,3649.0,2019.0,36015.5,0.0,0.0,0.0,6793.0,13.9,944.0,5849.0,4905.0,3961.0,3017.0,2073.0,1129.0
YF소나타 하이브리드,11172.0,11172.0,878.6,1999.0,2013.0,136041.2,0.0,0.2,0.0,3300.0,8.7,287.0,3013.0,2726.0,2439.0,2152.0,1865.0,1578.0
YF쏘나타,7983.775862068966,7983.775862068966,679.551724137931,2010.6724137931035,2010.9310344827586,96323.9827586207,0.0,0.20689655172413793,0.0,2600.0,8.7,226.0,2374.0,2148.0,1922.0,1696.0,1470.0,1244.0
Z4 1세대 (02~09년),11923.0,11923.0,1555.0,2979.0,2004.0,161283.0,0.0,0.0,0.0,7000.0,5.5,385.0,6615.0,6230.0,5845.0,5460.0,5075.0,4690.0
Z4 2세대 (09~16년),14128.5,14128.5,2035.0,2979.0,2010.0,164836.5,0.0,0.0,0.0,8500.0,5.5,468.0,8032.0,7564.0,7096.0,6628.0,6160.0,5692.0
i3 (14년~현재),9540.5,9540.5,2207.25,0.0,2016.0,80743.75,0.0,0.0,0.0,6200.0,10.7,663.0,5537.0,4874.0,4211.0,3548.0,2885.0,2222.0
i30,4731.333333333333,4731.333333333333,558.3333333333334,1591.0,2009.0,82512.33333333333,0.0,0.0,0.0,2200.0,7.099999999999999,156.0,2044.0,1888.0,1732.0,1576.0,1420.0,1264.0
i30 GD,11986.333333333334,11986.333333333334,710.0,1582.0,2013.3333333333333,136977.66666666666,0.0,0.0,0.0,1950.0,7.099999999999999,138.0,1812.0,1674.0,1536.0,1398.0,1260.0,1122.0
i30 PD,6481.724137931034,6481.724137931034,1667.0344827586207,1502.0344827586207,2018.2758620689656,55579.51724137931,0.0,0.1724137931034483,0.0,2379.0,7.1,169.0,2210.0,2041.0,1872.0,1703.0,1534.0,1365.0
i30CW,14332.0,14332.0,400.0,1591.0,2009.0,72239.0,0.0,0.0,0.0,1700.0,7.1,121.0,1579.0,1458.0,1337.0,1216.0,1095.0,974.0
i40,7643.384615384615,7643.384615384615,1050.6923076923076,1878.2307692307693,2013.076923076923,121263.38461538461,0.0,0.15384615384615385,0.0,2700.0,6.799999999999999,184.0,2516.0,2332.0,2148.0,1964.0,1780.0,1596.0
i40 살룬,7383.368421052632,7383.368421052632,963.1578947368421,1817.2105263157894,2012.2631578947369,113864.0,0.0,0.15789473684210525,0.0,2800.0,6.8,190.0,2610.0,2420.0,2230.0,2040.0,1850.0,1660.0
i8 (15년~현재),9764.0,9764.0,8557.0,1499.0,2015.0,85257.0,0.0,0.0,0.0,20000.0,8.2,1640.0,18360.0,16720.0,15080.0,13440.0,11800.0,10160.0
갤로퍼,13849.0,13849.0,850.0,2497.0,1996.0,257722.0,0.0,1.0,0.0,1800.0,1.7,31.0,1769.0,1738.0,1707.0,1676.0,1645.0,1614.0
갤로퍼2,13723.0,13723.0,1270.0,2972.0,1999.0,225871.0,0.0,0.0,0.0,1800.0,1.7,31.0,1769.0,1738.0,1707.0,1676.0,1645.0,1614.0
골프 5세대,13634.0,13634.0,499.0,1968.0,2012.0,160000.0,0.0,0.0,0.0,3800.0,8.2,312.0,3488.0,3176.0,2864.0,2552.0,2240.0,1928.0
골프 6세대,12877.6,12877.6,692.9,1866.6,2011.2,150307.4,0.0,0.1,0.0,3500.0,8.2,287.0,3213.0,2926.0,2639.0,2352.0,2065.0,1778.0
골프 7세대,10975.095238095239,10975.095238095239,1439.8095238095239,1889.3809523809523,2014.7619047619048,109417.71428571429,0.0,0.09523809523809523,0.0,4000.0,8.2,328.0,3672.0,3344.0,3016.0,2688.0,2360.0,2032.0
그랜드 C4 피카소,11152.0,11152.0,1520.0,1560.0,2016.0,97805.0,0.0,0.0,0.0,4200.0,10.9,458.0,3742.0,3284.0,2826.0,2368.0,1910.0,1452.0
그랜드 스타렉스,10466.315315315316,10466.315315315316,1390.6666666666667,2501.4414414414414,2015.045045045045,103548.38738738738,0.0,0.18018018018018017,0.0,2600.0,7.2,187.0,2413.0,2226.0,2039.0,1852.0,1665.0,1478.0
그랜드 카니발 (05~10년),13430.333333333334,13430.333333333334,438.6666666666667,2613.0,2008.888888888889,209011.44444444444,0.0,0.3333333333333333,0.0,3500.0,10.7,375.0,3125.0,2750.0,2375.0,2000.0,1625.0,1250.0
그랜저 뉴 럭셔리,6067.608695652174,6067.608695652174,468.2173913043478,2617.2608695652175,2009.304347826087,101780.0,0.0,0.13043478260869565,0.0,3300.0,10.4,343.0,2957.0,2614.0,2271.0,1928.0,1585.0,1242.0
그랜저HG,7520.313043478261,7520.313043478261,1128.695652173913,2614.3391304347824,2013.9130434782608,113811.9695652174,0.0,0.24347826086956523,0.0,3600.0,10.4,374.0,3226.0,2852.0,2478.0,2104.0,1730.0,1356.0
그랜저HG 하이브리드,8217.1,8217.1,1551.9,2359.0,2015.4,122681.8,0.0,0.2,0.0,4000.0,10.4,416.0,3584.0,3168.0,2752.0,2336.0,1920.0,1504.0
그랜저IG,6364.56420233463,6364.56420233463,1883.6420233463034,2705.2976653696496,2018.3287937743191,58264.36964980545,0.0,0.08949416342412451,0.0,3300.0,10.4,343.0,2957.0,2614.0,2271.0,1928.0,1585.0,1242.0
그랜저IG 하이브리드,5745.673333333333,5745.673333333333,2202.74,2386.9466666666667,2018.74,45356.09333333333,0.0,0.06666666666666667,0.0,3700.0,10.4,385.0,3315.0,2930.0,2545.0,2160.0,1775.0,1390.0
그랜저TG,5752.25,5752.25,405.0,2753.25,2006.75,67348.75,0.0,0.0,0.0,2498.0,10.4,260.0,2238.0,1978.0,1718.0,1458.0,1198.0,938.0
글래디에이터,5888.0,5888.0,6142.5,3604.0,2021.0,11071.0,0.0,0.0,0.0,7070.0,-1.0,-1.0,-1.0,-1.0,-1.0,-1.0,-1.0,-1.0
기블리,8787.0,8787.0,4507.0,2983.8,2016.2,77515.4,0.0,0.4,0.0,14120.0,11.7,1652.0,12468.0,10816.0,9164.0,7512.0,5860.0,4208.0
기아 더 SUV 스포티지,8492.95652173913,8492.95652173913,503.04347826086956,1910.8695652173913,2018.1739130434783,2944.782608695652,0.0,0.0,0.0,2500.0,8.5,213.0,2287.0,2074.0,1861.0,1648.0,1435.0,1222.0
넥쏘,8148.0,8148.0,2545.0,450.0,2020.25,37536.375,0.0,0.0,0.0,6800.0,-1.0,-1.0,-1.0,-1.0,-1.0,-1.0,-1.0,-1.0
노틸러스,595.6666666666666,595.6666666666666,4443.333333333333,2694.0,2019.3333333333333,40827.666666666664,0.0,0.0,0.0,6500.0,-1.0,-1.0,-1.0,-1.0,-1.0,-1.0,-1.0,-1.0
뉴 CC,10615.538461538461,10615.538461538461,1234.5384615384614,1972.923076923077,2013.8461538461538,104497.38461538461,0.0,0.15384615384615385,0.0,4590.0,8.8,404.0,4186.0,3782.0,3378.0,2974.0,2570.0,2166.0
뉴 QM3,6701.176470588235,6701.176470588235,1108.235294117647,1483.5882352941176,2018.4411764705883,36615.64705882353,0.0,0.08823529411764706,0.0,2500.0,12.4,310.0,2190.0,1880.0,1570.0,1260.0,950.0,640.0
뉴 QM5,9409.0,9409.0,596.6666666666666,1995.0,2013.0,159023.0,0.0,0.0,0.0,3000.0,7.5,225.0,2775.0,2550.0,2325.0,2100.0,1875.0,1650.0
뉴 QM6,5097.333333333333,5097.333333333333,2703.3333333333335,1997.6666666666667,2021.0,14583.666666666666,0.0,0.0,0.0,3500.0,13.300000000000002,466.0,3034.0,2568.0,2102.0,1636.0,1170.0,704.0
뉴 SM3,9585.60606060606,9585.60606060606,397.42424242424244,1596.7878787878788,2011.1515151515152,99955.30303030302,0.0,0.42424242424242425,0.0,2000.0,9.1,182.0,1818.0,1636.0,1454.0,1272.0,1090.0,908.0
뉴 SM5,11482.666666666666,11482.666666666666,311.6666666666667,1998.0,2008.0,113718.0,0.0,0.0,0.0,2200.0,8.9,196.0,2004.0,1808.0,1612.0,1416.0,1220.0,1024.0
뉴 SM5 (신형),7746.807692307692,7746.807692307692,471.03846153846155,1998.0,2010.6538461538462,103873.65384615384,0.0,0.15384615384615385,0.0,2500.0,8.9,223.0,2277.0,2054.0,1831.0,1608.0,1385.0,1162.0
뉴 XF,5029.0,5029.0,2750.4444444444443,2109.6666666666665,2017.6666666666667,79498.44444444444,0.0,0.0,0.0,7670.0,11.1,851.0,6819.0,5968.0,5117.0,4266.0,3415.0,2564.0
뉴 i30,3273.285714285714,3273.285714285714,870.4761904761905,1588.4285714285713,2012.904761904762,79920.23809523809,0.0,0.2857142857142857,0.0,2615.0,7.1,186.0,2429.0,2243.0,2057.0,1871.0,1685.0,1499.0
뉴 라보,11184.363636363636,11184.363636363636,616.2727272727273,796.0,2018.0,59555.36363636364,0.0,0.09090909090909091,0.0,860.0,7.1,61.0,799.0,738.0,677.0,616.0,555.0,494.0
뉴 레인지로버 스포츠,9356.0,9356.0,4697.833333333333,2993.1666666666665,2015.25,128638.75,0.0,0.08333333333333333,0.0,15000.0,10.0,1500.0,13500.0,12000.0,10500.0,9000.0,7500.0,6000.0
뉴 로디우스,13148.0,13148.0,310.0,2696.0,2010.0,129987.0,0.0,0.0,0.0,2900.0,5.9,171.0,2729.0,2558.0,2387.0,2216.0,2045.0,1874.0
뉴 마스터,3569.0,3569.0,3850.0,2299.0,2020.0,7752.0,0.0,1.0,0.0,3000.0,-1.0,-1.0,-1.0,-1.0,-1.0,-1.0,-1.0,-1.0
뉴 스타일 코란도,5362.142857142857,5362.142857142857,1359.357142857143,2157.0,2017.5714285714287,74958.5,0.0,0.21428571428571427,0.0,2650.0,8.5,225.0,2425.0,2200.0,1975.0,1750.0,1525.0,1300.0
뉴 스타일 코란도 C,5314.0,5314.0,1849.5,1827.0,2019.5,41889.5,0.0,0.0,0.0,2800.0,8.5,238.0,2562.0,2324.0,2086.0,1848.0,1610.0,1372.0
뉴 스포티지 (04~10년),11483.75,11483.75,532.5,1992.0,2008.0,101283.5,0.0,0.0,0.0,3000.0,8.5,255.0,2745.0,2490.0,2235.0,1980.0,1725.0,1470.0
뉴 쏘렌토R (12~14년),6337.878787878788,6337.878787878788,1294.3939393939395,2025.909090909091,2013.6363636363637,116858.81818181818,0.0,0.0,0.0,3000.0,9.1,273.0,2727.0,2454.0,2181.0,1908.0,1635.0,1362.0
뉴 에쿠스,9948.84375,9948.84375,1514.03125,3992.296875,2012.703125,139581.671875,0.0,0.1875,0.0,8000.0,8.7,696.0,7304.0,6608.0,5912.0,5216.0,4520.0,3824.0
뉴 오피러스 (06~09년),2716.0,2716.0,530.0,2656.0,2008.0,47710.0,0.0,0.0,0.0,4000.0,7.0,280.0,3720.0,3440.0,3160.0,2880.0,2600.0,2320.0
뉴 체어맨W,11094.1,11094.1,1162.0,3358.6,2013.5,122741.2,0.0,0.3,0.0,8390.0,8.5,713.0,7677.0,6964.0,6251.0,5538.0,4825.0,4112.0
뉴 카니발 R (10~14년),12270.774193548386,12270.774193548386,738.9354838709677,2213.7419354838707,2011.741935483871,170011.16129032258,0.0,0.12903225806451613,0.0,3500.0,10.7,375.0,3125.0,2750.0,2375.0,2000.0,1625.0,1250.0
뉴 카렌스 (06~08년),10492.333333333334,10492.333333333334,503.3333333333333,1998.0,2011.0,124058.33333333333,0.0,0.0,0.0,2200.0,9.0,198.0,2002.0,1804.0,1606.0,1408.0,1210.0,1012.0
뉴 코란도,7592.35294117647,7592.35294117647,830.2058823529412,2023.764705882353,2014.1764705882354,112492.14705882352,0.0,0.11764705882352941,0.0,2600.0,8.5,221.0,2379.0,2158.0,1937.0,1716.0,1495.0,1274.0
뉴 코란도 C,6443.266666666666,6443.266666666666,1136.6666666666667,2157.0,2016.1333333333334,77840.33333333333,0.0,0.13333333333333333,0.0,2800.0,8.5,238.0,2562.0,2324.0,2086.0,1848.0,1610.0,1372.0
뉴 투싼ix,7612.777777777777,7612.777777777777,1155.1666666666667,1995.0,2014.25,99712.27777777778,0.0,0.08333333333333333,0.0,2200.0,8.8,194.0,2006.0,1812.0,1618.0,1424.0,1230.0,1036.0
뉴 포터,13537.0,13537.0,2689.0,2497.0,2022.0,2881.0,0.0,0.0,0.0,2100.0,7.8,164.0,1936.0,1772.0,1608.0,1444.0,1280.0,1116.0
뉴 프라이드 (05~11년),14388.0,14388.0,420.0,1399.0,2010.0,60679.0,0.0,0.0,0.0,1500.0,6.8,102.0,1398.0,1296.0,1194.0,1092.0,990.0,888.0
뉴SM5 플래티넘,6421.945945945946,6421.945945945946,725.1351351351351,1921.5945945945946,2013.5675675675675,97756.7027027027,0.0,0.21621621621621623,0.0,2500.0,8.9,223.0,2277.0,2054.0,1831.0,1608.0,1385.0,1162.0
뉴그랜저XG,9583.0,9583.0,290.0,2493.0,2003.0,161642.0,0.0,0.0,0.0,3106.0,10.4,323.0,2783.0,2460.0,2137.0,1814.0,1491.0,1168.0
뉴다마스,10600.958333333334,10600.958333333334,563.125,796.0,2017.625,63304.916666666664,0.0,0.25,0.0,1000.0,10.0,100.0,900.0,800.0,700.0,600.0,500.0,400.0
뉴모닝 (08~11년),7117.391304347826,7117.391304347826,339.5652173913044,999.0,2009.9130434782608,77866.86956521739,0.0,0.17391304347826086,0.0,1000.0,6.8,68.0,932.0,864.0,796.0,728.0,660.0,592.0
뉴비틀 2세대,11832.5,11832.5,430.0,1992.0,2007.5,148496.0,0.0,0.0,0.0,3300.0,6.7,221.0,3079.0,2858.0,2637.0,2416.0,2195.0,1974.0
뉴카이런,13369.5,13369.5,219.5,1998.0,2008.5,180026.5,0.0,0.0,0.0,3000.0,6.9,207.0,2793.0,2586.0,2379.0,2172.0,1965.0,1758.0
뉴클릭,11581.25,11581.25,287.5,1399.0,2009.25,91318.0,0.0,0.25,0.0,1000.0,5.6,56.0,944.0,888.0,832.0,776.0,720.0,664.0
니로 (16~19년),6623.36231884058,6623.36231884058,1478.9420289855072,1564.3478260869565,2017.9420289855072,43357.27536231884,0.0,0.028985507246376812,0.0,3000.0,13.3,399.0,2601.0,2202.0,1803.0,1404.0,1005.0,606.0
니로 EV (18년~현재),3643.5,3643.5,3570.0,0.0,2021.5,19626.0,0.0,0.0,0.0,5000.0,13.3,665.0,4335.0,3670.0,3005.0,2340.0,1675.0,1010.0
다코타,12361.0,12361.0,1570.0,4701.0,2007.0,98294.0,0.0,0.0,0.0,5000.0,4.6,230.0,4770.0,4540.0,4310.0,4080.0,3850.0,3620.0
더 K9 (18년~현재),8616.415254237289,8616.415254237289,3493.271186440678,3648.101694915254,2019.3898305084747,39952.97457627119,0.0,0.0423728813559322,0.0,6500.0,13.8,897.0,5603.0,4706.0,3809.0,2912.0,2015.0,1118.0
더 넥스트 스파크,5703.254237288135,5703.254237288135,839.1694915254237,999.0,2016.9745762711864,47532.686440677964,0.0,0.1016949152542373,0.0,1000.0,5.0,50.0,950.0,900.0,850.0,800.0,750.0,700.0
더 뉴 G70,7440.888888888889,7440.888888888889,2295.5555555555557,2577.1111111111113,2021.0,5367.0,0.0,0.0,0.0,4915.0,13.6,668.0,4247.0,3579.0,2911.0,2243.0,1575.0,907.0
더 뉴 K3 (15~18년),5947.317073170731,5947.317073170731,1132.6951219512196,1589.8292682926829,2017.5121951219512,49958.0243902439,0.0,0.17073170731707318,0.0,2000.0,10.0,200.0,1800.0,1600.0,1400.0,1200.0,1000.0,800.0
더 뉴 K5 (13~15년),7232.55223880597,7232.55223880597,1036.2835820895523,1998.8955223880596,2014.358208955224,111504.35820895522,0.0,0.19402985074626866,0.0,2500.0,9.8,245.0,2255.0,2010.0,1765.0,1520.0,1275.0,1030.0
더 뉴 K5 (18~20년),5957.397849462365,5957.397849462365,1495.6881720430108,1936.6344086021506,2019.0,44522.93548387097,0.0,0.12903225806451613,0.0,2700.0,9.8,265.0,2435.0,2170.0,1905.0,1640.0,1375.0,1110.0
더 뉴 K5 하이브리드 (18~19년),7920.666666666667,7920.666666666667,2256.6666666666665,1999.0,2019.3333333333333,77318.66666666667,0.0,0.3333333333333333,0.0,3000.0,9.8,294.0,2706.0,2412.0,2118.0,1824.0,1530.0,1236.0
더 뉴 K7 (12~16년),7270.133333333333,7270.133333333333,1177.088888888889,2622.6222222222223,2013.911111111111,113372.91111111111,0.0,0.13333333333333333,0.0,3200.0,10.8,346.0,2854.0,2508.0,2162.0,1816.0,1470.0,1124.0
더 뉴 K9 (14~18년),8469.166666666666,8469.166666666666,1905.4444444444443,3620.4444444444443,2016.611111111111,86417.38888888889,0.0,0.05555555555555555,0.0,5500.0,13.8,759.0,4741.0,3982.0,3223.0,2464.0,1705.0,946.0
더 뉴 K9 (21년~현재),5876.333333333333,5876.333333333333,7360.0,3487.3333333333335,2022.0,7730.0,0.0,0.6666666666666666,0.0,7500.0,13.800000000000002,1035.0,6465.0,5430.0,4395.0,3360.0,2325.0,1290.0
더 뉴 QM6,9154.121951219513,9154.121951219513,1297.2926829268292,1992.121951219512,2019.9024390243903,4834.975609756098,0.0,0.024390243902439025,0.0,3000.0,13.300000000000002,399.0,2601.0,2202.0,1803.0,1404.0,1005.0,606.0
더 뉴 SM6,8363.272727272728,8363.272727272728,1590.909090909091,1768.909090909091,2020.0,6853.636363636364,0.0,0.0,0.0,3000.0,13.5,405.0,2595.0,2190.0,1785.0,1380.0,975.0,570.0
더 뉴 i30,6091.0,6091.0,1062.75,1790.5,2015.25,78197.5,0.0,0.5,0.0,2240.0,7.1,159.0,2081.0,1922.0,1763.0,1604.0,1445.0,1286.0
더 뉴 i40,4802.0,4802.0,1620.0,1999.0,2016.0,46062.0,0.0,0.0,0.0,2700.0,6.8,184.0,2516.0,2332.0,2148.0,1964.0,1780.0,1596.0
더 뉴 i40 살룬,3489.5,3489.5,1505.0,1842.0,2016.0,83202.5,0.0,0.0,0.0,2800.0,6.8,190.0,2610.0,2420.0,2230.0,2040.0,1850.0,1660.0
더 뉴 그랜드 스타렉스,8028.831325301205,8028.831325301205,1939.987951807229,2497.5421686746986,2019.0602409638554,49983.698795180724,0.0,0.07228915662650602,0.0,2625.0,7.2,189.0,2436.0,2247.0,2058.0,1869.0,1680.0,1491.0
더 뉴 그랜저,3004.2045454545455,3004.2045454545455,3474.5454545454545,2888.3636363636365,2020.2727272727273,25341.56818181818,0.0,0.18181818181818182,0.0,3925.0,10.4,408.0,3517.0,3109.0,2701.0,2293.0,1885.0,1477.0
더 뉴 그랜저 하이브리드,3407.133333333333,3407.133333333333,4061.5555555555557,2359.0,2020.2,30186.444444444445,0.0,0.06666666666666667,0.0,4400.0,10.4,458.0,3942.0,3484.0,3026.0,2568.0,2110.0,1652.0
더 뉴 그랜저IG,8191.584905660377,8191.584905660377,1797.5566037735848,2765.811320754717,2020.245283018868,7755.367924528302,0.0,0.018867924528301886,0.0,3200.0,10.4,333.0,2867.0,2534.0,2201.0,1868.0,1535.0,1202.0
더 뉴 그랜저IG 하이브리드,7936.0,7936.0,1313.875,2394.875,2020.625,6944.0,0.0,0.0,0.0,3700.0,10.4,385.0,3315.0,2930.0,2545.0,2160.0,1775.0,1390.0
더 뉴 니로 (19년~현재),7339.357142857143,7339.357142857143,1882.857142857143,1586.9285714285713,2019.9285714285713,25216.0,0.0,0.0,0.0,3200.0,13.3,426.0,2774.0,2348.0,1922.0,1496.0,1070.0,644.0
더 뉴 레이 (17년~현재),7466.4921875,7466.4921875,963.28125,998.65625,2019.4921875,18135.46875,0.0,0.046875,0.0,1300.0,8.0,104.0,1196.0,1092.0,988.0,884.0,780.0,676.0
더 뉴 렉스턴 스포츠,4060.1666666666665,4060.1666666666665,3056.6666666666665,2157.0,2021.0,16785.5,0.0,0.16666666666666666,0.0,3300.0,-1.0,-1.0,-1.0,-1.0,-1.0,-1.0,-1.0,-1.0
더 뉴 렉스턴 스포츠 칸,3022.0714285714284,3022.0714285714284,3312.1428571428573,2157.0,2021.0,17034.428571428572,0.0,0.14285714285714285,0.0,3550.0,-1.0,-1.0,-1.0,-1.0,-1.0,-1.0,-1.0,-1.0
더 뉴 말리부,4452.704918032787,4452.704918032787,2153.3278688524592,1612.1311475409836,2019.4754098360656,38909.57377049181,0.0,0.06557377049180328,0.0,3150.0,10.8,340.0,2810.0,2470.0,2130.0,1790.0,1450.0,1110.0
더 뉴 맥스크루즈,5647.416666666667,5647.416666666667,2072.7083333333335,2484.9166666666665,2017.0416666666667,75132.5,0.0,0.08333333333333333,0.0,3800.0,8.1,308.0,3492.0,3184.0,2876.0,2568.0,2260.0,1952.0
더 뉴 모닝 (15~17년),5637.887640449439,5637.887640449439,734.2247191011236,998.0224719101124,2016.0,53488.247191011236,0.0,0.10112359550561797,0.0,1000.0,6.799999999999999,68.0,932.0,864.0,796.0,728.0,660.0,592.0
더 뉴 모하비 (16년~19년),7696.517647058824,7696.517647058824,2038.3411764705882,2987.858823529412,2018.3411764705882,49698.94117647059,0.0,0.10588235294117647,0.0,4400.0,11.0,484.0,3916.0,3432.0,2948.0,2464.0,1980.0,1496.0
더 뉴 벨로스터,10337.5,10337.5,1199.0,1531.5,2016.875,82750.875,0.0,0.125,0.0,2400.0,8.5,204.0,2196.0,1992.0,1788.0,1584.0,1380.0,1176.0
더 뉴 봉고3 (19년~현재),7454.108695652174,7454.108695652174,1459.0217391304348,2277.4565217391305,2020.3695652173913,12972.826086956522,0.0,0.021739130434782608,0.0,2500.0,8.2,205.0,2295.0,2090.0,1885.0,1680.0,1475.0,1270.0
더 뉴 스파크,4699.058441558442,4699.058441558442,1042.3766233766235,998.974025974026,2019.9285714285713,24137.084415584417,0.0,0.032467532467532464,0.0,1200.0,5.0,60.0,1140.0,1080.0,1020.0,960.0,900.0,840.0
더 뉴 스포티지R (13~16년),5978.580645161291,5978.580645161291,1255.4032258064517,1995.0483870967741,2014.6612903225807,98097.7258064516,0.0,0.14516129032258066,0.0,2500.0,8.5,213.0,2287.0,2074.0,1861.0,1648.0,1435.0,1222.0
더 뉴 싼타페,7756.0,7756.0,2200.655172413793,2181.9655172413795,2020.4137931034484,17450.862068965518,0.0,0.0,0.0,3800.0,9.4,357.0,3443.0,3086.0,2729.0,2372.0,2015.0,1658.0
더 뉴 싼타페 하이브리드,1854.5,1854.5,4420.0,1598.0,2022.0,8638.5,0.0,0.0,0.0,4000.0,9.4,376.0,3624.0,3248.0,2872.0,2496.0,2120.0,1744.0
더 뉴 쏘렌토 (17~20년),6665.740425531915,6665.740425531915,1997.3489361702127,2088.046808510638,2018.6425531914895,50277.268085106385,0.0,0.09361702127659574,0.0,3200.0,9.1,291.0,2909.0,2618.0,2327.0,2036.0,1745.0,1454.0
더 뉴 쏘울 (16~19년),6396.2,6396.2,1009.0,1595.3,2018.0,32535.1,0.0,0.1,0.0,2500.0,8.3,208.0,2292.0,2084.0,1876.0,1668.0,1460.0,1252.0
더 뉴 아반떼,3711.483333333333,3711.483333333333,949.0,1589.5,2014.7333333333333,71617.51666666666,0.0,0.26666666666666666,0.0,2400.0,7.3,175.0,2225.0,2050.0,1875.0,1700.0,1525.0,1350.0
더 뉴 아반떼AD,5980.243243243243,5980.243243243243,1404.4324324324325,1597.6216216216217,2019.3513513513512,34124.62162162162,0.0,0.13513513513513514,0.0,1800.0,7.299999999999999,131.0,1669.0,1538.0,1407.0,1276.0,1145.0,1014.0
더 뉴 아반떼MD,11787.25,11787.25,823.25,1588.375,2014.7083333333333,108521.25,0.0,0.2916666666666667,0.0,2155.0,7.3,157.0,1998.0,1841.0,1684.0,1527.0,1370.0,1213.0
더 뉴 아베오,5334.0,5334.0,860.0,1362.0,2017.0,62451.0,0.0,1.0,0.0,1800.0,8.3,149.0,1651.0,1502.0,1353.0,1204.0,1055.0,906.0
더 뉴 아이오닉 일렉트릭,4248.833333333333,4248.833333333333,2895.0,0.0,2020.0,36556.5,0.0,0.0,0.0,4300.0,6.900000000000001,297.0,4003.0,3706.0,3409.0,3112.0,2815.0,2518.0
더 뉴 아이오닉 하이브리드,3705.8333333333335,3705.8333333333335,2578.3333333333335,1580.0,2020.0,28125.166666666668,0.0,0.16666666666666666,0.0,2800.0,6.900000000000001,193.0,2607.0,2414.0,2221.0,2028.0,1835.0,1642.0
더 뉴 제네시스 쿠페,8412.875,8412.875,1260.0,2665.5,2012.75,119819.75,0.0,0.375,0.0,3400.0,13.6,462.0,2938.0,2476.0,2014.0,1552.0,1090.0,628.0
더 뉴 카니발 (18~20년),7280.666666666667,7280.666666666667,2258.116666666667,2257.875,2019.1416666666667,38431.85833333333,0.0,0.0375,0.0,3860.0,10.7,413.0,3447.0,3034.0,2621.0,2208.0,1795.0,1382.0
더 뉴 카렌스 (16~18년)0,8333.272727272728,8333.272727272728,856.3636363636364,1860.5454545454545,2017.7272727272727,66209.09090909091,0.0,0.09090909090909091,0.0,2200.0,9.0,198.0,2002.0,1804.0,1606.0,1408.0,1210.0,1012.0
더 뉴 카마로SS,2383.0,2383.0,3350.0,6162.0,2018.0,27859.0,0.0,0.0,0.0,5100.0,9.1,464.0,4636.0,4172.0,3708.0,3244.0,2780.0,2316.0
더 뉴 코나,5559.285714285715,5559.285714285715,1932.857142857143,1713.4285714285713,2021.0,2765.714285714286,0.0,0.14285714285714285,0.0,2600.0,9.0,234.0,2366.0,2132.0,1898.0,1664.0,1430.0,1196.0
더 뉴 코나 하이브리드,7860.0,7860.0,560.0,1600.0,2021.0,551.0,0.0,0.0,0.0,2800.0,9.0,252.0,2548.0,2296.0,2044.0,1792.0,1540.0,1288.0
더 뉴 코란도 스포츠,8015.421052631579,8015.421052631579,1583.6315789473683,2157.0,2017.3157894736842,77220.36842105263,0.0,0.2631578947368421,0.0,2500.0,8.5,213.0,2287.0,2074.0,1861.0,1648.0,1435.0,1222.0
더 뉴 트랙스,5537.504950495049,5537.504950495049,1567.8118811881188,1410.2178217821781,2018.8613861386139,37367.63366336634,0.0,0.12871287128712872,0.0,2000.0,7.3,146.0,1854.0,1708.0,1562.0,1416.0,1270.0,1124.0
더 뉴 프라이드 (15~17년),3579.4285714285716,3579.4285714285716,788.5714285714286,1396.0,2015.857142857143,66783.71428571429,0.0,0.14285714285714285,0.0,1600.0,6.8,109.0,1491.0,1382.0,1273.0,1164.0,1055.0,946.0
더 럭셔리 그랜저,6642.333333333333,6642.333333333333,625.0,2671.3333333333335,2010.3333333333333,99895.66666666667,0.0,0.16666666666666666,0.0,3500.0,10.4,364.0,3136.0,2772.0,2408.0,2044.0,1680.0,1316.0
더 비틀 3세대,12198.0,12198.0,1318.0,1968.0,2013.6,121157.2,0.0,0.0,0.0,3281.0,6.7,220.0,3061.0,2841.0,2621.0,2401.0,2181.0,1961.0
더 올 뉴 G80,11523.818181818182,11523.818181818182,5692.727272727273,2585.4545454545455,2021.1818181818182,25915.545454545456,0.0,0.09090909090909091,0.0,7200.0,13.6,979.0,6221.0,5242.0,4263.0,3284.0,2305.0,1326.0
더 프레스티지 K7 (11~12년),9908.052631578947,9908.052631578947,756.2105263157895,2626.0526315789475,2011.9473684210527,137572.42105263157,0.0,0.2631578947368421,0.0,3000.0,10.8,324.0,2676.0,2352.0,2028.0,1704.0,1380.0,1056.0
두에고,11279.0,11279.0,860.0,3760.0,2013.0,66743.0,0.0,0.0,0.0,6800.0,9.7,660.0,6140.0,5480.0,4820.0,4160.0,3500.0,2840.0
디 올 뉴 투싼,6608.142857142857,6608.142857142857,1814.2857142857142,1784.857142857143,2021.2857142857142,4136.571428571428,0.0,0.0,0.0,3000.0,8.8,264.0,2736.0,2472.0,2208.0,1944.0,1680.0,1416.0
디 올 뉴 투싼 하이브리드,5597.222222222223,5597.222222222223,3327.777777777778,1598.2222222222222,2021.2222222222222,13772.333333333334,0.0,0.1111111111111111,0.0,3200.0,8.8,282.0,2918.0,2636.0,2354.0,2072.0,1790.0,1508.0
디스커버리 3,13056.0,13056.0,1190.0,2500.0,2006.0,207497.0,0.0,0.0,0.0,7500.0,8.6,645.0,6855.0,6210.0,5565.0,4920.0,4275.0,3630.0
디스커버리 4,12042.75,12042.75,3039.75,2993.0,2014.5,157530.25,0.0,0.0,0.0,9000.0,8.6,774.0,8226.0,7452.0,6678.0,5904.0,5130.0,4356.0
디스커버리 5,3739.8,3739.8,4586.0,2197.8,2017.0,79523.6,0.0,0.4,0.0,10000.0,8.6,860.0,9140.0,8280.0,7420.0,6560.0,5700.0,4840.0
디스커버리 스포츠,9983.761904761905,9983.761904761905,3011.4761904761904,2007.5714285714287,2017.3809523809523,69500.61904761905,0.0,0.09523809523809523,0.0,6500.0,11.6,754.0,5746.0,4992.0,4238.0,3484.0,2730.0,1976.0
라브4 4세대,9966.0,9966.0,2680.0,2494.0,2018.0,18349.0,0.0,0.0,0.0,4000.0,8.2,328.0,3672.0,3344.0,3016.0,2688.0,2360.0,2032.0
라세티 프리미어,13715.42857142857,13715.42857142857,305.7142857142857,1739.0,2009.7142857142858,95040.85714285714,0.0,0.2857142857142857,0.0,1600.0,6.6,106.0,1494.0,1388.0,1282.0,1176.0,1070.0,964.0
랜서,12931.0,12931.0,670.0,1998.0,2011.0,114230.0,0.0,0.0,0.0,2990.0,7.1,212.0,2778.0,2566.0,2354.0,2142.0,1930.0,1718.0
램픽업,3140.0,3140.0,7450.0,5654.0,2019.0,23949.0,0.0,0.0,0.0,28800.0,24.7,7114.0,21686.0,14572.0,7458.0,0.0,0.0,0.0
랭글러 3세대,9377.555555555555,9377.555555555555,2993.3333333333335,3057.222222222222,2014.7777777777778,103776.11111111111,0.0,0.0,0.0,5290.0,5.7,302.0,4988.0,4686.0,4384.0,4082.0,3780.0,3478.0
랭글러 4세대,7063.25,7063.25,5227.5,1995.0,2019.25,34445.5,0.0,0.25,0.0,6000.0,5.7,342.0,5658.0,5316.0,4974.0,4632.0,4290.0,3948.0
레니게이드,5726.037037037037,5726.037037037037,2478.3333333333335,2170.5925925925926,2018.7777777777778,37528.92592592593,0.0,0.037037037037037035,0.0,4090.0,12.2,499.0,3591.0,3092.0,2593.0,2094.0,1595.0,1096.0
레스타,11770.0,11770.0,2300.0,3800.0,2013.0,73856.0,0.0,1.0,0.0,6500.0,7.2,468.0,6032.0,5564.0,5096.0,4628.0,4160.0,3692.0
레이 (11~17년),10635.227848101265,10635.227848101265,776.2784810126582,998.0,2014.493670886076,89307.10126582278,0.0,0.22784810126582278,0.0,1500.0,8.0,120.0,1380.0,1260.0,1140.0,1020.0,900.0,780.0
레이스,9736.0,9736.0,24935.0,6592.0,2015.0,38028.0,0.0,0.0,0.0,40000.0,5.4,2160.0,37840.0,35680.0,33520.0,31360.0,29200.0,27040.0
레인저,8076.666666666667,8076.666666666667,5546.666666666667,1996.0,2021.0,21458.333333333332,0.0,0.0,0.0,6390.0,-1.0,-1.0,-1.0,-1.0,-1.0,-1.0,-1.0,-1.0
레인지로버 3세대,12453.0,12453.0,1560.0,2926.0,2011.0,210220.0,0.0,0.0,0.0,15000.0,8.8,1320.0,13680.0,12360.0,11040.0,9720.0,8400.0,7080.0
레인지로버 4세대,10082.5,10082.5,10262.5,4367.0,2016.75,82950.75,0.0,0.0,0.0,20000.0,8.5,1700.0,18300.0,16600.0,14900.0,13200.0,11500.0,9800.0
레인지로버 벨라,1266.0,1266.0,7300.0,2993.0,2019.0,35813.0,0.0,0.0,0.0,11000.0,11.2,1232.0,9768.0,8536.0,7304.0,6072.0,4840.0,3608.0
레인지로버 스포츠,10389.0,10389.0,2620.0,2993.0,2013.0,130588.0,0.0,0.0,0.0,11000.0,10.0,1100.0,9900.0,8800.0,7700.0,6600.0,5500.0,4400.0
레인지로버 이보크,11239.6,11239.6,2408.8,2071.0,2015.2,119453.5,0.0,0.1,0.0,9000.0,11.3,1017.0,7983.0,6966.0,5949.0,4932.0,3915.0,2898.0
레인지로버이보크 1세대,11312.75,11312.75,2712.5,2044.0,2015.25,92119.25,0.0,0.0,0.0,9000.0,11.1,999.0,8001.0,7002.0,6003.0,5004.0,4005.0,3006.0
레인지로버이보크 2세대,11874.0,11874.0,5050.0,1998.0,2020.0,25368.0,0.0,0.0,0.0,9000.0,11.1,999.0,8001.0,7002.0,6003.0,5004.0,4005.0,3006.0
렉스턴 2,14425.0,14425.0,250.0,2696.0,2006.0,247958.0,0.0,1.0,0.0,3500.0,-1.0,-1.0,-1.0,-1.0,-1.0,-1.0,-1.0,-1.0
렉스턴 스포츠,7616.786885245901,7616.786885245901,2305.344262295082,2157.0,2019.1311475409836,57281.934426229505,0.0,0.13114754098360656,0.0,2800.0,-1.0,-1.0,-1.0,-1.0,-1.0,-1.0,-1.0,-1.0
렉스턴 스포츠 칸,6809.6511627906975,6809.6511627906975,2523.860465116279,2157.0,2019.4883720930231,50269.0,0.0,0.09302325581395349,0.0,3250.0,-1.0,-1.0,-1.0,-1.0,-1.0,-1.0,-1.0,-1.0
렉스턴W,6680.0,6680.0,1202.4166666666667,2037.75,2014.5,114706.41666666667,0.0,0.16666666666666666,0.0,3450.0,-1.0,-1.0,-1.0,-1.0,-1.0,-1.0,-1.0,-1.0
로그 2세대,13401.5,13401.5,585.0,2500.0,2010.5,128912.0,0.0,0.0,0.0,5000.0,7.7,385.0,4615.0,4230.0,3845.0,3460.0,3075.0,2690.0
로디우스,12210.0,12210.0,215.0,2696.0,2005.0,104794.0,0.0,0.0,0.0,2700.0,5.9,159.0,2541.0,2382.0,2223.0,2064.0,1905.0,1746.0
로체 (05~07년),13885.0,13885.0,375.0,1898.0,2008.5,78103.5,0.0,0.0,0.0,2500.0,6.4,160.0,2340.0,2180.0,2020.0,1860.0,1700.0,1540.0
로체 어드밴스 (07~08년),12830.0,12830.0,330.0,1998.0,2008.0,90892.0,0.0,0.0,0.0,2000.0,6.4,128.0,1872.0,1744.0,1616.0,1488.0,1360.0,1232.0
로체 이노베이션 (08~10년),8095.166666666667,8095.166666666667,426.6666666666667,1998.0,2009.5,82314.16666666667,0.0,0.3333333333333333,0.0,2200.0,6.400000000000001,141.0,2059.0,1918.0,1777.0,1636.0,1495.0,1354.0
르반떼,8993.666666666666,8993.666666666666,7623.333333333333,2984.3333333333335,2018.0,68043.33333333333,0.0,0.0,0.0,19200.0,15.1,2899.0,16301.0,13402.0,10503.0,7604.0,4705.0,1806.0
리얼 뉴 콜로라도,7770.4,7770.4,3850.0,3649.0,2020.8,24113.4,0.0,0.2,0.0,4050.0,-1.0,-1.0,-1.0,-1.0,-1.0,-1.0,-1.0,-1.0
마스터,10516.0,10516.0,2590.0,2299.0,2019.0,54163.0,0.0,0.0,0.0,3800.0,-1.0,-1.0,-1.0,-1.0,-1.0,-1.0,-1.0,-1.0
마이티,12615.0625,12615.0625,2570.9375,3827.0,2013.4375,251250.5625,0.0,0.0625,0.0,5500.0,6.2,341.0,5159.0,4818.0,4477.0,4136.0,3795.0,3454.0
마칸,9036.333333333334,9036.333333333334,6614.666666666667,2972.0,2016.3333333333333,78165.83333333333,0.0,0.0,0.0,11450.0,7.5,859.0,10591.0,9732.0,8873.0,8014.0,7155.0,6296.0
마티즈 크리에이티브,7055.181818181818,7055.181818181818,313.6363636363636,995.0,2010.4545454545455,99661.81818181818,0.0,0.18181818181818182,0.0,1100.0,6.2,68.0,1032.0,964.0,896.0,828.0,760.0,692.0
말리부,7644.0,7644.0,811.3191489361702,2014.595744680851,2013.8936170212767,99430.06382978724,0.0,0.2978723404255319,0.0,3800.0,10.8,410.0,3390.0,2980.0,2570.0,2160.0,1750.0,1340.0
맥스크루즈,7177.823529411765,7177.823529411765,1715.8823529411766,2266.235294117647,2014.5294117647059,104610.76470588235,0.0,0.11764705882352941,0.0,3900.0,8.1,316.0,3584.0,3268.0,2952.0,2636.0,2320.0,2004.0
맥시마 8세대,9433.0,9433.0,1705.0,3498.0,2017.0,96742.0,0.0,0.0,0.0,4430.0,12.3,545.0,3885.0,3340.0,2795.0,2250.0,1705.0,1160.0
머스탱 5세대,12755.0,12755.0,1100.0,4951.0,2011.0,117491.0,0.0,0.0,0.0,4805.0,7.0,336.0,4469.0,4133.0,3797.0,3461.0,3125.0,2789.0
머스탱 6세대,6585.7692307692305,6585.7692307692305,3554.6153846153848,4123.307692307692,2017.2307692307693,42198.92307692308,0.0,0.07692307692307693,0.0,5370.0,7.0,376.0,4994.0,4618.0,4242.0,3866.0,3490.0,3114.0
모닝 (04~08년),12667.0,12667.0,180.0,999.0,2007.0,68148.0,0.0,1.0,0.0,1000.0,6.8,68.0,932.0,864.0,796.0,728.0,660.0,592.0
모닝 어반 (20년~현재),6949.8125,6949.8125,1260.5625,998.0,2019.625,13621.625,0.0,0.0625,0.0,1250.0,6.8,85.0,1165.0,1080.0,995.0,910.0,825.0,740.0
모델 3,4044.1666666666665,4044.1666666666665,6161.666666666667,0.0,2020.1666666666667,35382.666666666664,0.0,0.16666666666666666,0.0,6469.0,-1.0,-1.0,-1.0,-1.0,-1.0,-1.0,-1.0,-1.0
모하비 (07~16년),9039.75,9039.75,2027.861111111111,2959.0,2012.7777777777778,141195.47222222222,0.0,0.08333333333333333,0.0,4000.0,11.0,440.0,3560.0,3120.0,2680.0,2240.0,1800.0,1360.0
모하비 더 마스터 (19년~현재),5270.542857142857,5270.542857142857,3752.464285714286,2963.5142857142855,2020.0714285714287,22736.635714285716,0.0,0.11428571428571428,0.0,5250.0,11.0,578.0,4672.0,4094.0,3516.0,2938.0,2360.0,1782.0
몬데오 4세대,11947.6,11947.6,1318.0,1995.0,2016.6,125198.0,0.0,0.2,0.0,3850.0,12.2,470.0,3380.0,2910.0,2440.0,1970.0,1500.0,1030.0
무라노 3세대,12995.0,12995.0,2290.0,2488.0,2016.0,63802.0,0.0,0.0,0.0,5000.0,9.0,450.0,4550.0,4100.0,3650.0,3200.0,2750.0,2300.0
미스터,12861.0,12861.0,3380.0,2299.0,2019.0,27420.0,0.0,0.0,0.0,3800.0,-1.0,-1.0,-1.0,-1.0,-1.0,-1.0,-1.0,-1.0
박스터,7068.0,7068.0,5845.0,3436.0,2013.0,80613.0,0.0,0.5,0.0,13180.0,6.2,817.0,12363.0,11546.0,10729.0,9912.0,9095.0,8278.0
밴티지,11294.0,11294.0,8200.0,5935.0,2015.0,51412.0,0.0,1.0,0.0,20000.0,8.4,1680.0,18320.0,16640.0,14960.0,13280.0,11600.0,9920.0
베뉴,7158.583333333333,7158.583333333333,1184.1666666666667,1599.5833333333333,2019.9166666666667,4448.333333333333,0.0,0.0,0.0,1900.0,-1.0,-1.0,-1.0,-1.0,-1.0,-1.0,-1.0,-1.0
베라크루즈,10281.55,10281.55,1213.35,2959.0,2011.05,160452.0,0.0,0.15,0.0,3850.0,8.1,312.0,3538.0,3226.0,2914.0,2602.0,2290.0,1978.0
베라티스,12123.0,12123.0,580.0,3564.0,2009.0,110526.0,0.0,0.0,0.0,5250.0,6.8,357.0,4893.0,4536.0,4179.0,3822.0,3465.0,3108.0
베르나,12136.0,12136.0,380.0,1399.0,2009.6666666666667,79549.33333333333,0.0,0.0,0.0,1200.0,5.5,66.0,1134.0,1068.0,1002.0,936.0,870.0,804.0
베리 뉴 티볼리,5909.785714285715,5909.785714285715,1877.642857142857,1511.2857142857142,2020.595238095238,23180.690476190477,0.0,0.09523809523809523,0.0,2300.0,7.9,182.0,2118.0,1936.0,1754.0,1572.0,1390.0,1208.0
벤자,1299.0,1299.0,1290.0,3500.0,2013.0,89943.0,0.0,0.0,0.0,5000.0,8.2,410.0,4590.0,4180.0,3770.0,3360.0,2950.0,2540.0
벨로스터,7530.413793103448,7530.413793103448,746.7931034482758,1591.0,2012.9655172413793,92073.37931034483,0.0,0.06896551724137931,0.0,2400.0,8.5,204.0,2196.0,1992.0,1788.0,1584.0,1380.0,1176.0
벨로스터 JS,5665.48717948718,5665.48717948718,1543.948717948718,1572.3589743589744,2018.7948717948718,33204.307692307695,0.0,0.10256410256410256,0.0,2300.0,8.5,196.0,2104.0,1908.0,1712.0,1516.0,1320.0,1124.0
벨로스터 N,3823.5,3823.5,2474.5454545454545,1998.0,2019.6818181818182,40582.77272727273,0.0,0.09090909090909091,0.0,3200.0,8.5,272.0,2928.0,2656.0,2384.0,2112.0,1840.0,1568.0
볼트EV,4352.2,4352.2,2662.0,0.0,2018.4,39946.2,0.0,0.0,0.0,4130.0,9.9,409.0,3721.0,3312.0,2903.0,2494.0,2085.0,1676.0
봉고3 (04~19년),10154.253731343284,10154.253731343284,1024.05223880597,2651.179104477612,2016.6044776119404,74679.48507462686,0.0,0.05223880597014925,0.0,1500.0,8.2,123.0,1377.0,1254.0,1131.0,1008.0,885.0,762.0
봉고3 EV (20년~현재),9280.0,9280.0,2010.0,1248.5,2020.5,10181.0,0.0,0.0,0.0,4500.0,8.2,369.0,4131.0,3762.0,3393.0,3024.0,2655.0,2286.0
뷰티풀 코란도,5717.333333333333,5717.333333333333,2127.5757575757575,1545.4848484848485,2020.030303030303,29018.454545454544,0.0,0.09090909090909091,0.0,2700.0,8.5,230.0,2470.0,2240.0,2010.0,1780.0,1550.0,1320.0
비스토 1세대 (19~04년),12838.0,12838.0,350.0,2497.0,2002.0,18926.0,0.0,0.0,0.0,750.0,-1.0,-1.0,-1.0,-1.0,-1.0,-1.0,-1.0,-1.0
셀토스 (19년~현재),7195.045454545455,7195.045454545455,1846.3636363636363,1644.75,2019.909090909091,16998.715909090908,0.0,0.022727272727272728,0.0,2750.0,-1.0,-1.0,-1.0,-1.0,-1.0,-1.0,-1.0,-1.0
슈퍼 렉스턴,11804.0,11804.0,550.0,1998.0,2012.0,155049.0,0.0,0.0,0.0,3200.0,-1.0,-1.0,-1.0,-1.0,-1.0,-1.0,-1.0,-1.0
스타리아,11285.0,11285.0,3705.0,2199.0,2022.0,5931.333333333333,0.0,0.0,0.0,3400.0,-1.0,-1.0,-1.0,-1.0,-1.0,-1.0,-1.0,-1.0
스토닉 (17년~현재),7257.404255319149,7257.404255319149,1323.5531914893618,1453.9787234042553,2018.4893617021276,38945.34042553192,0.0,0.02127659574468085,0.0,2000.0,9.6,192.0,1808.0,1616.0,1424.0,1232.0,1040.0,848.0
스팅어 (17~20년),6123.58,6123.58,2397.78,2554.9,2018.74,41343.24,0.0,0.16,0.0,4000.0,12.1,484.0,3516.0,3032.0,2548.0,2064.0,1580.0,1096.0
스팅어 마이스터 (20년~현재),7481.75,7481.75,4262.5,2919.5,2021.25,16965.75,0.0,0.0,0.0,4500.0,12.1,545.0,3955.0,3410.0,2865.0,2320.0,1775.0,1230.0
스파크,5061.72,5061.72,507.6171428571429,995.0228571428571,2013.3028571428572,69926.14857142857,0.0,0.21714285714285714,0.0,1000.0,5.0,50.0,950.0,900.0,850.0,800.0,750.0,700.0
스포티지 4세대 (15~18년),5794.519083969466,5794.519083969466,1721.5114503816794,1900.5877862595419,2017.0687022900763,71429.3282442748,0.0,0.04580152671755725,0.0,2500.0,8.5,213.0,2287.0,2074.0,1861.0,1648.0,1435.0,1222.0
스포티지 더 볼드 (18년~현재),6632.24358974359,6632.24358974359,1520.9615384615386,1961.2692307692307,2019.2564102564102,37557.38461538462,0.0,0.10256410256410256,0.0,3000.0,8.5,255.0,2745.0,2490.0,2235.0,1980.0,1725.0,1470.0
스포티지R (10~13년),9609.685714285713,9609.685714285713,919.8857142857142,1995.1714285714286,2011.9714285714285,120619.94285714286,0.0,0.17142857142857143,0.0,2500.0,8.5,213.0,2287.0,2074.0,1861.0,1648.0,1435.0,1222.0
스프린터 2세대,11806.0,11806.0,4700.0,3500.0,2017.0,42704.0,0.0,0.0,0.0,15890.0,14.1,2240.0,13650.0,11410.0,9170.0,6930.0,4690.0,2450.0
시로코 3세대,10148.2,10148.2,1235.4,1974.4,2012.6,127373.2,0.0,0.2,0.0,4271.0,7.6,325.0,3946.0,3621.0,3296.0,2971.0,2646.0,2321.0
시빅 10세대,4001.25,4001.25,1827.5,1896.25,2017.75,46332.5,0.0,0.0,0.0,3340.0,9.2,307.0,3033.0,2726.0,2419.0,2112.0,1805.0,1498.0
시빅 8세대,10775.0,10775.0,1040.0,1799.0,2014.0,80788.0,0.0,0.0,0.0,3000.0,9.2,276.0,2724.0,2448.0,2172.0,1896.0,1620.0,1344.0
시빅 9세대,3360.0,3360.0,970.0,1798.0,2013.0,114312.0,0.0,0.0,0.0,3150.0,9.2,290.0,2860.0,2570.0,2280.0,1990.0,1700.0,1410.0
시에나,5166.777777777777,5166.777777777777,2287.777777777778,3456.0,2015.2222222222222,86832.88888888889,0.0,0.0,0.0,6000.0,9.1,546.0,5454.0,4908.0,4362.0,3816.0,3270.0,2724.0
싼타페,9716.0,9716.0,1850.0,1995.0,2016.0,72070.0,0.0,0.0,0.0,3800.0,9.4,357.0,3443.0,3086.0,2729.0,2372.0,2015.0,1658.0
싼타페 더 스타일,12881.666666666666,12881.666666666666,665.0,2031.6666666666667,2010.6666666666667,150696.66666666666,0.0,0.0,0.0,3100.0,9.4,291.0,2809.0,2518.0,2227.0,1936.0,1645.0,1354.0
싼타페 더 프라임,6405.48031496063,6405.48031496063,1740.5748031496064,2030.8267716535433,2016.6141732283465,77743.30708661418,0.0,0.15748031496062992,0.0,3400.0,9.4,320.0,3080.0,2760.0,2440.0,2120.0,1800.0,1480.0
싼타페CM,8460.92857142857,8460.92857142857,754.2142857142857,2007.857142857143,2010.5,127880.85714285714,0.0,0.14285714285714285,0.0,3100.0,9.4,291.0,2809.0,2518.0,2227.0,1936.0,1645.0,1354.0
싼타페DM,8429.423913043478,8429.423913043478,1426.0217391304348,2039.3478260869565,2014.0217391304348,116716.01086956522,0.0,0.11956521739130435,0.0,2970.0,9.4,279.0,2691.0,2412.0,2133.0,1854.0,1575.0,1296.0
싼타페TM,6970.813253012048,6970.813253012048,2135.590361445783,2047.120481927711,2019.2710843373493,38881.57831325301,0.0,0.05421686746987952,0.0,3600.0,9.4,338.0,3262.0,2924.0,2586.0,2248.0,1910.0,1572.0
쏘나타 DN8,5934.96875,5934.96875,2060.9140625,1920.8984375,2019.9765625,27152.640625,0.0,0.1015625,0.0,2600.0,8.7,226.0,2374.0,2148.0,1922.0,1696.0,1470.0,1244.0
쏘나타 DN8 하이브리드,5136.173913043478,5136.173913043478,2613.478260869565,1999.1304347826087,2020.608695652174,25515.652173913044,0.0,0.08695652173913043,0.0,3300.0,8.7,287.0,3013.0,2726.0,2439.0,2152.0,1865.0,1578.0
쏘나타 뉴 라이즈,7111.645454545454,7111.645454545454,1466.418181818182,1978.6545454545455,2018.409090909091,63789.42727272727,0.0,0.10909090909090909,0.0,2600.0,8.7,226.0,2374.0,2148.0,1922.0,1696.0,1470.0,1244.0
쏘나타 뉴 라이즈 하이브리드,6228.458333333333,6228.458333333333,1523.7083333333333,1999.375,2018.4583333333333,43607.708333333336,0.0,0.08333333333333333,0.0,3000.0,8.7,261.0,2739.0,2478.0,2217.0,1956.0,1695.0,1434.0
쏘나타 더 브릴리언트,6387.111111111111,6387.111111111111,865.3333333333334,1998.8333333333333,2013.5555555555557,110497.77777777778,0.0,0.2222222222222222,0.0,2600.0,8.7,226.0,2374.0,2148.0,1922.0,1696.0,1470.0,1244.0
쏘나타 하이브리드,2953.090909090909,2953.090909090909,1009.0909090909091,1999.0,2012.7272727272727,107460.72727272728,0.0,0.18181818181818182,0.0,3200.0,8.7,278.0,2922.0,2644.0,2366.0,2088.0,1810.0,1532.0
쏘렌토 (02~06년),12830.0,12830.0,290.0,2348.0,2004.5,184899.0,0.0,0.5,0.0,2500.0,9.1,228.0,2272.0,2044.0,1816.0,1588.0,1360.0,1132.0
쏘렌토 4세대 (20년~현재),6600.428571428572,6600.428571428572,4051.904761904762,2099.6666666666665,2021.047619047619,25576.714285714286,0.0,0.0,0.0,4000.0,9.1,364.0,3636.0,3272.0,2908.0,2544.0,2180.0,1816.0
쏘렌토 4세대 하이브리드 (20년~현재),4185.347826086957,4185.347826086957,4510.304347826087,1615.391304347826,2021.0434782608695,27439.782608695652,0.0,0.043478260869565216,0.0,4500.0,9.1,410.0,4090.0,3680.0,3270.0,2860.0,2450.0,2040.0
쏘렌토R (09~12년),11656.611111111111,11656.611111111111,928.6111111111111,2051.6666666666665,2011.2222222222222,136992.66666666666,0.0,0.05555555555555555,0.0,3000.0,9.1,273.0,2727.0,2454.0,2181.0,1908.0,1635.0,1362.0
쏘울 (08~13년),9211.0,9211.0,693.3333333333334,1590.4,2011.4,75817.46666666666,0.0,0.2,0.0,2000.0,8.3,166.0,1834.0,1668.0,1502.0,1336.0,1170.0,1004.0
쏘울 부스터 (19년~현재),6318.923076923077,6318.923076923077,1573.076923076923,1472.6923076923076,2019.3846153846155,16877.846153846152,0.0,0.0,0.0,2000.0,8.3,166.0,1834.0,1668.0,1502.0,1336.0,1170.0,1004.0
쏠라티,8773.8,8773.8,1528.0,2391.4,2019.0,40533.4,0.0,0.0,0.0,6600.0,25.6,1690.0,4910.0,3220.0,1530.0,0.0,0.0,0.0
아반떼,10798.0,10798.0,820.0,1795.0,2016.0,95955.0,0.0,0.0,0.0,1700.0,7.3,124.0,1576.0,1452.0,1328.0,1204.0,1080.0,956.0
아반떼 CN7,5830.19298245614,5830.19298245614,1794.1929824561403,1605.122807017544,2020.9122807017543,15262.122807017544,0.0,0.10526315789473684,0.0,2600.0,7.3,190.0,2410.0,2220.0,2030.0,1840.0,1650.0,1460.0
아반떼 CN7 하이브리드,4421.666666666667,4421.666666666667,2906.6666666666665,1580.0,2021.0,11407.666666666666,0.0,0.0,0.0,1800.0,7.3,131.0,1669.0,1538.0,1407.0,1276.0,1145.0,1014.0
아반떼 쿠페,11630.0,11630.0,720.0,1999.0,2014.0,78640.0,0.0,0.0,0.0,2000.0,7.3,146.0,1854.0,1708.0,1562.0,1416.0,1270.0,1124.0
아반떼 하이브리드,14504.0,14504.0,330.0,1591.0,2011.0,189659.0,0.0,1.0,0.0,2600.0,7.3,190.0,2410.0,2220.0,2030.0,1840.0,1650.0,1460.0
아반떼AD,6855.678756476684,6855.678756476684,1195.896373056995,1589.8341968911918,2017.1088082901554,72827.48186528498,0.0,0.16580310880829016,0.0,2000.0,7.299999999999999,146.0,1854.0,1708.0,1562.0,1416.0,1270.0,1124.0
아반떼HD,6651.272727272727,6651.272727272727,458.1818181818182,1590.1818181818182,2009.5454545454545,93462.72727272728,0.0,0.18181818181818182,0.0,1700.0,7.3,124.0,1576.0,1452.0,1328.0,1204.0,1080.0,956.0
아반떼MD,6077.709090909091,6077.709090909091,735.7757575757576,1591.0,2012.2060606060606,87872.61818181818,0.0,0.24848484848484848,0.0,1700.0,7.3,124.0,1576.0,1452.0,1328.0,1204.0,1080.0,956.0
아베오,7574.125,7574.125,515.0,1480.0,2013.875,88971.875,0.0,0.125,0.0,1550.0,8.3,129.0,1421.0,1292.0,1163.0,1034.0,905.0,776.0
아슬란,7677.04347826087,7677.04347826087,1605.1739130434783,3118.304347826087,2015.608695652174,102659.52173913043,0.0,0.17391304347826086,0.0,4200.0,9.7,407.0,3793.0,3386.0,2979.0,2572.0,2165.0,1758.0
아이오닉 플러그인,7891.0,7891.0,440.0,1600.0,2019.0,8304.0,0.0,0.0,0.0,3300.0,6.9,228.0,3072.0,2844.0,2616.0,2388.0,2160.0,1932.0
아이오닉 하이브리드,6385.676470588235,6385.676470588235,1861.1764705882354,471.7647058823529,2017.9117647058824,57400.41176470588,0.0,0.17647058823529413,0.0,2400.0,6.9,166.0,2234.0,2068.0,1902.0,1736.0,1570.0,1404.0
아이오닉5,6961.0,6961.0,5040.833333333333,0.0,2022.0,9865.666666666666,0.0,0.16666666666666666,0.0,5300.0,-1.0,-1.0,-1.0,-1.0,-1.0,-1.0,-1.0,-1.0
아테온,8326.8,8326.8,3407.0,1968.0,2018.7,50837.2,0.0,0.1,0.0,5800.0,12.5,725.0,5075.0,4350.0,3625.0,2900.0,2175.0,1450.0
알티마 4세대,13932.5,13932.5,575.0,3500.0,2010.0,92893.5,0.0,0.0,0.0,4000.0,9.9,396.0,3604.0,3208.0,2812.0,2416.0,2020.0,1624.0
알티마 5세대,4532.8,4532.8,1120.0,2894.4,2015.4,96704.6,0.0,0.0,0.0,4000.0,9.9,396.0,3604.0,3208.0,2812.0,2416.0,2020.0,1624.0
알티마 6세대,4079.3333333333335,4079.3333333333335,2166.6666666666665,2488.0,2019.0,33913.333333333336,0.0,0.0,0.0,3440.0,9.9,341.0,3099.0,2758.0,2417.0,2076.0,1735.0,1394.0
알페온,7836.333333333333,7836.333333333333,734.0833333333334,2843.75,2012.4166666666667,119732.08333333333,0.0,0.16666666666666666,0.0,3600.0,8.3,299.0,3301.0,3002.0,2703.0,2404.0,2105.0,1806.0
액티언,14442.0,14442.0,299.0,1998.0,2006.0,175857.0,0.0,0.0,0.0,2300.0,6.2,143.0,2157.0,2014.0,1871.0,1728.0,1585.0,1442.0
액티언스포츠,13104.5,13104.5,565.0,1998.0,2011.0,102122.0,0.0,0.0,0.0,2200.0,6.2,136.0,2064.0,1928.0,1792.0,1656.0,1520.0,1384.0
어메이징 뉴 크루즈,6032.535714285715,6032.535714285715,805.1428571428571,1517.142857142857,2015.5,77814.0,0.0,0.2857142857142857,0.0,2000.0,8.1,162.0,1838.0,1676.0,1514.0,1352.0,1190.0,1028.0
어코드 10세대,8954.5,8954.5,2827.5,1621.75,2018.75,44177.75,0.0,0.0,0.0,3800.0,7.5,285.0,3515.0,3230.0,2945.0,2660.0,2375.0,2090.0
어코드 7세대,14043.0,14043.0,320.0,2354.0,2007.0,126695.0,0.0,0.0,0.0,2500.0,7.5,188.0,2312.0,2124.0,1936.0,1748.0,1560.0,1372.0
어코드 9세대,7050.666666666667,7050.666666666667,1210.0,2356.0,2014.3333333333333,91400.0,0.0,0.3333333333333333,0.0,3800.0,7.5,285.0,3515.0,3230.0,2945.0,2660.0,2375.0,2090.0
에스컬레이드 3세대,14382.0,14382.0,1990.0,6162.0,2011.0,100000.0,0.0,0.0,0.0,12420.0,9.5,1180.0,11240.0,10060.0,8880.0,7700.0,6520.0,5340.0
에스컬레이드 4세대,10606.0,10606.0,7079.0,6162.0,2017.6666666666667,44017.333333333336,0.0,0.0,0.0,13817.0,9.5,1313.0,12504.0,11191.0,9878.0,8565.0,7252.0,5939.0
엑센트(신형),5843.426666666666,5843.426666666666,674.8933333333333,1470.28,2013.2666666666667,79251.30666666667,0.0,0.22666666666666666,0.0,1900.0,7.4,141.0,1759.0,1618.0,1477.0,1336.0,1195.0,1054.0
오피러스 프리미엄 (09~11년),7091.2,7091.2,620.0,3292.0,2010.6,129394.2,0.0,0.4,0.0,3500.0,7.0,245.0,3255.0,3010.0,2765.0,2520.0,2275.0,2030.0
올 뉴 K3 (18~21년),7810.845528455285,7810.845528455285,1383.8130081300812,1598.081300813008,2019.3170731707316,30912.08130081301,0.0,0.11382113821138211,0.0,2400.0,10.0,240.0,2160.0,1920.0,1680.0,1440.0,1200.0,960.0
올 뉴 K7 (16~19년),7227.4009900990095,7227.4009900990095,1646.0445544554455,2685.4752475247524,2017.5891089108911,60118.44059405941,0.0,0.08415841584158416,0.0,3200.0,10.800000000000002,346.0,2854.0,2508.0,2162.0,1816.0,1470.0,1124.0
올 뉴 K7 하이브리드 (16년~현재),5799.060606060606,5799.060606060606,2043.6363636363637,2410.2727272727275,2018.2121212121212,42674.21212121212,0.0,0.0,0.0,3700.0,10.8,400.0,3300.0,2900.0,2500.0,2100.0,1700.0,1300.0
올 뉴 M,13832.0,13832.0,530.0,998.0,2011.0,261493.0,0.0,0.0,0.0,6000.0,8.3,498.0,5502.0,5004.0,4506.0,4008.0,3510.0,3012.0
올 뉴 SM7,6742.411764705882,6742.411764705882,757.6470588235294,2613.0,2013.235294117647,110698.23529411765,0.0,0.4117647058823529,0.0,3300.0,10.0,330.0,2970.0,2640.0,2310.0,1980.0,1650.0,1320.0
올 뉴 레인지로버 이보크,5923.0,5923.0,4676.5,1999.0,2019.5,29051.5,0.0,0.0,0.0,8000.0,11.3,904.0,7096.0,6192.0,5288.0,4384.0,3480.0,2576.0
올 뉴 렉스턴,3518.285714285714,3518.285714285714,3735.0,2157.0,2021.0,18205.35714285714,0.0,0.07142857142857142,0.0,4500.0,-1.0,-1.0,-1.0,-1.0,-1.0,-1.0,-1.0,-1.0
올 뉴 말리부,6895.908045977011,6895.908045977011,1563.5977011494253,1665.1724137931035,2017.4252873563219,67587.72413793103,0.0,0.19540229885057472,0.0,3000.0,10.8,324.0,2676.0,2352.0,2028.0,1704.0,1380.0,1056.0
올 뉴 모닝 (11~15년),6899.870967741936,6899.870967741936,674.2967741935483,1038.516129032258,2013.1870967741936,74639.24516129032,0.0,0.15483870967741936,0.0,1300.0,6.907741935483871,89.41290322580645,1210.5870967741935,1121.1741935483872,1031.7612903225806,942.3483870967742,852.9354838709677,763.5225806451613
올 뉴 모닝 (17~20년),7546.335227272727,7546.335227272727,751.1306818181819,998.7215909090909,2018.0625,28503.653409090908,0.0,0.0625,0.0,1350.0,6.8,92.0,1258.0,1166.0,1074.0,982.0,890.0,798.0
올 뉴 쏘렌토 (14~17년),6204.1024096385545,6204.1024096385545,1879.94578313253,2054.2048192771085,2015.987951807229,89080.53614457832,0.0,0.0963855421686747,0.0,3000.0,9.1,273.0,2727.0,2454.0,2181.0,1908.0,1635.0,1362.0
올 뉴 쏘울 (13~16년),5765.2,5765.2,858.0,1596.4,2016.6,31766.8,0.0,0.0,0.0,2000.0,8.3,166.0,1834.0,1668.0,1502.0,1336.0,1170.0,1004.0
올 뉴 에비에이터,8236.75,8236.75,7909.25,2955.75,2020.75,21602.5,0.0,0.25,0.0,10060.0,-1.0,-1.0,-1.0,-1.0,-1.0,-1.0,-1.0,-1.0
올 뉴 오딧세이,303.0,303.0,3750.0,3471.0,2019.0,70666.0,0.0,0.0,0.0,5710.0,11.4,651.0,5059.0,4408.0,3757.0,3106.0,2455.0,1804.0
올 뉴 카니발 (14~18년),7898.732394366197,7898.732394366197,2042.112676056338,2299.93896713615,2016.7276995305165,81662.97183098592,0.0,0.10328638497652583,0.0,3600.0,10.7,385.0,3215.0,2830.0,2445.0,2060.0,1675.0,1290.0
올 뉴 카렌스 (13~16년),6914.727272727273,6914.727272727273,1033.5454545454545,1827.7272727272727,2014.1818181818182,107094.90909090909,0.0,0.09090909090909091,0.0,2200.0,9.0,198.0,2002.0,1804.0,1606.0,1408.0,1210.0,1012.0
올 뉴 크루즈,4873.066666666667,4873.066666666667,1186.3,1412.2666666666667,2017.0666666666666,55590.63333333333,0.0,0.26666666666666666,0.0,2300.0,8.1,186.0,2114.0,1928.0,1742.0,1556.0,1370.0,1184.0
올 뉴 투싼,6095.172248803828,6095.172248803828,1654.9282296650717,1811.7894736842106,2017.641148325359,66066.22966507178,0.0,0.1291866028708134,0.0,3000.0,8.8,264.0,2736.0,2472.0,2208.0,1944.0,1680.0,1416.0
올 뉴 프라이드 (11~15년),7056.277777777777,7056.277777777777,676.0555555555555,1509.75,2013.25,76049.05555555556,0.0,0.08333333333333333,0.0,1600.0,6.8,109.0,1491.0,1382.0,1273.0,1164.0,1055.0,946.0
올란도,8240.635294117646,8240.635294117646,983.9176470588235,1936.8235294117646,2015.1529411764707,101854.14117647058,0.0,0.08235294117647059,0.0,2500.0,8.9,223.0,2277.0,2054.0,1831.0,1608.0,1385.0,1162.0
우루스,9846.0,9846.0,30390.0,3996.0,2019.0,37925.0,0.0,0.0,0.0,25600.0,-1.0,-1.0,-1.0,-1.0,-1.0,-1.0,-1.0,-1.0
윈스톰,13018.5,13018.5,397.25,1991.0,2009.0,133920.75,0.0,0.5,0.0,3100.0,6.7,208.0,2892.0,2684.0,2476.0,2268.0,2060.0,1852.0
윈스톰 맥스,14162.0,14162.0,450.0,1991.0,2009.0,178760.0,0.0,1.0,0.0,2800.0,6.7,188.0,2612.0,2424.0,2236.0,2048.0,1860.0,1672.0
이스케이프,11062.0,11062.0,1010.0,1600.0,2013.0,133878.0,0.0,0.0,0.0,3950.0,8.3,328.0,3622.0,3294.0,2966.0,2638.0,2310.0,1982.0
이쿼녹스,6317.545454545455,6317.545454545455,2251.818181818182,1598.0,2018.6363636363637,55276.454545454544,0.0,0.09090909090909091,0.0,3500.0,10.6,371.0,3129.0,2758.0,2387.0,2016.0,1645.0,1274.0
이클립스,11632.0,11632.0,1280.0,2351.0,2012.0,117120.0,0.0,1.0,0.0,4040.0,6.8,275.0,3765.0,3490.0,3215.0,2940.0,2665.0,2390.0
익스프레스,12869.5,12869.5,2316.5,5552.0,2009.1666666666667,122647.5,0.0,0.16666666666666666,0.0,8000.0,5.5,440.0,7560.0,7120.0,6680.0,6240.0,5800.0,5360.0
익스플로러 5세대,8805.114285714286,8805.114285714286,2359.0,2774.942857142857,2015.6857142857143,90056.14285714286,0.0,0.14285714285714285,0.0,5460.0,9.0,491.0,4969.0,4478.0,3987.0,3496.0,3005.0,2514.0
임팔라,3885.2727272727275,3885.2727272727275,1444.4545454545455,3064.7272727272725,2016.5454545454545,95963.90909090909,0.0,0.18181818181818182,0.0,3900.0,11.5,449.0,3451.0,3002.0,2553.0,2104.0,1655.0,1206.0
제네시스,7161.826086956522,7161.826086956522,956.4347826086956,3483.1304347826085,2011.0217391304348,118754.60869565218,0.0,0.1956521739130435,0.0,5200.0,13.6,707.0,4493.0,3786.0,3079.0,2372.0,1665.0,958.0
제네시스 쿠페,9885.727272727272,9885.727272727272,573.3636363636364,2321.6363636363635,2010.0,125156.45454545454,0.0,0.2727272727272727,0.0,3200.0,13.6,435.0,2765.0,2330.0,1895.0,1460.0,1025.0,590.0
제네시스DH,6847.362068965517,6847.362068965517,2023.1637931034484,3420.5689655172414,2015.344827586207,112074.68965517242,0.0,0.22413793103448276,0.0,5700.0,13.6,775.0,4925.0,4150.0,3375.0,2600.0,1825.0,1050.0
제타,4680.666666666667,4680.666666666667,2561.6666666666665,1395.0,2020.0,12720.0,0.0,0.0,0.0,3300.0,9.6,317.0,2983.0,2666.0,2349.0,2032.0,1715.0,1398.0
제타 6세대,9398.181818181818,9398.181818181818,921.8181818181819,1920.5454545454545,2014.2727272727273,108593.0,0.0,0.18181818181818182,0.0,3300.0,9.6,317.0,2983.0,2666.0,2349.0,2032.0,1715.0,1398.0
젠트라,12989.0,12989.0,220.0,1206.0,2008.0,143356.0,0.0,0.0,0.0,1300.0,5.9,77.0,1223.0,1146.0,1069.0,992.0,915.0,838.0
조에,11483.5,11483.5,2572.5,0.0,2021.0,21408.5,0.0,0.0,0.0,4300.0,-1.0,-1.0,-1.0,-1.0,-1.0,-1.0,-1.0,-1.0
쥬크,3989.0,3989.0,1050.0,1618.0,2014.0,88502.0,0.0,0.0,0.0,2800.0,7.8,218.0,2582.0,2364.0,2146.0,1928.0,1710.0,1492.0
체로키 4세대,12846.0,12846.0,1215.0,2987.0,2012.0,151857.5,0.0,0.0,0.0,6870.0,10.0,687.0,6183.0,5496.0,4809.0,4122.0,3435.0,2748.0
체로키 5세대,9290.333333333334,9290.333333333334,2684.212121212121,2543.030303030303,2017.4848484848485,75150.30303030302,0.0,0.09090909090909091,0.0,4930.0,10.0,493.0,4437.0,3944.0,3451.0,2958.0,2465.0,1972.0
체어맨 H,11942.5,11942.5,389.5,2999.0,2010.0,92382.0,0.0,0.5,0.0,3900.0,8.5,332.0,3568.0,3236.0,2904.0,2572.0,2240.0,1908.0
체어맨 H 뉴 클래식,12775.25,12775.25,485.0,2999.0,2012.75,153274.25,0.0,0.0,0.0,4300.0,8.5,366.0,3934.0,3568.0,3202.0,2836.0,2470.0,2104.0
체어맨 W,12031.4,12031.4,379.4,3712.0,2009.4,183678.4,0.0,0.0,0.0,7100.0,8.5,604.0,6496.0,5892.0,5288.0,4684.0,4080.0,3476.0
체어맨H,14458.0,14458.0,270.0,2799.0,2010.0,150291.0,0.0,0.0,0.0,4100.0,8.5,349.0,3751.0,3402.0,3053.0,2704.0,2355.0,2006.0
체어맨W,13700.0,13700.0,522.8571428571429,3484.0,2009.857142857143,175628.0,0.0,0.14285714285714285,0.0,7700.0,8.5,655.0,7045.0,6390.0,5735.0,5080.0,4425.0,3770.0
카니발 4세대 (20년~현재),7505.568965517241,7505.568965517241,2189.0689655172414,2469.810344827586,2020.8620689655172,10877.568965517241,0.0,0.017241379310344827,0.0,3800.0,10.7,407.0,3393.0,2986.0,2579.0,2172.0,1765.0,1358.0
카마로,13768.0,13768.0,1349.0,3564.0,2012.0,121168.0,0.0,0.0,0.0,5000.0,9.1,455.0,4545.0,4090.0,3635.0,3180.0,2725.0,2270.0
카마로SS,12108.0,12108.0,2420.0,6162.0,2017.0,120549.5,0.0,0.0,0.0,5400.0,9.1,491.0,4909.0,4418.0,3927.0,3436.0,2945.0,2454.0
카운티,12575.625,12575.625,2826.25,3933.0,2012.5,79683.25,0.0,0.0,0.0,6000.0,5.6,336.0,5664.0,5328.0,4992.0,4656.0,4320.0,3984.0
카이엔 2세대,11483.0,11483.0,3785.0,2967.0,2014.0,169213.0,0.0,0.0,0.0,17680.0,8.9,1574.0,16106.0,14532.0,12958.0,11384.0,9810.0,8236.0
카이엔 3세대,8571.0,8571.0,13825.0,2995.0,2020.0,34151.5,0.0,0.0,0.0,13970.0,8.9,1243.0,12727.0,11484.0,10241.0,8998.0,7755.0,6512.0
캐스퍼,4301.2,4301.2,2119.0,998.0,2022.2,1417.0,0.0,0.0,0.0,1600.0,-1.0,-1.0,-1.0,-1.0,-1.0,-1.0,-1.0,-1.0
캐시카이,12338.0,12338.0,1390.0,1598.0,2015.0,54198.0,0.0,0.0,0.0,3400.0,8.4,286.0,3114.0,2828.0,2542.0,2256.0,1970.0,1684.0
캘리버,14497.0,14497.0,380.0,1998.0,1999.0,111514.0,0.0,0.0,0.0,2820.0,3.8,107.0,2713.0,2606.0,2499.0,2392.0,2285.0,2178.0
캠리,11894.375,11894.375,2068.625,2489.625,2016.5,76007.0,0.0,0.0,0.0,3560.0,7.8,278.0,3282.0,3004.0,2726.0,2448.0,2170.0,1892.0
캠리 7세대,3661.0,3661.0,2006.6666666666667,2494.0,2016.3333333333333,49106.333333333336,0.0,0.0,0.0,3800.0,7.8,296.0,3504.0,3208.0,2912.0,2616.0,2320.0,2024.0
캠리 8세대,2248.5714285714284,2248.5714285714284,3040.0,2487.0,2019.0,40114.57142857143,0.0,0.14285714285714285,0.0,4000.0,7.8,312.0,3688.0,3376.0,3064.0,2752.0,2440.0,2128.0
캡처,3119.6,3119.6,2152.6666666666665,1340.6,2020.0666666666666,17486.533333333333,0.0,0.06666666666666667,0.0,2800.0,-1.0,-1.0,-1.0,-1.0,-1.0,-1.0,-1.0,-1.0
캡티바,7072.212121212121,7072.212121212121,1038.090909090909,2030.1818181818182,2013.909090909091,98363.12121212122,0.0,0.21212121212121213,0.0,3100.0,8.2,254.0,2846.0,2592.0,2338.0,2084.0,1830.0,1576.0
컨티넨탈 10세대,5857.0,5857.0,3570.0,2956.0,2017.6666666666667,80946.66666666667,0.0,0.0,0.0,8900.0,13.800000000000002,1228.0,7672.0,6444.0,5216.0,3988.0,2760.0,1532.0
컴패스 1세대,11329.285714285714,11329.285714285714,786.8571428571429,2359.8571428571427,2011.5714285714287,132971.57142857142,0.0,0.14285714285714285,0.0,3580.0,8.5,304.0,3276.0,2972.0,2668.0,2364.0,2060.0,1756.0
컴패스 2세대,6820.333333333333,6820.333333333333,2575.0,2360.0,2018.8333333333333,22758.833333333332,0.0,0.0,0.0,4590.0,8.5,390.0,4200.0,3810.0,3420.0,3030.0,2640.0,2250.0
코나,6047.4315789473685,6047.4315789473685,1781.1684210526316,1554.6421052631579,2018.3263157894737,47093.0,0.0,0.09473684210526316,0.0,2500.0,9.0,225.0,2275.0,2050.0,1825.0,1600.0,1375.0,1150.0
코나 N,2423.0,2423.0,3372.5,1998.0,2022.0,2807.75,0.0,0.0,0.0,3418.0,9.0,308.0,3110.0,2802.0,2494.0,2186.0,1878.0,1570.0
코나 일렉트릭,3739.0,3739.0,3005.4545454545455,0.0,2019.090909090909,41056.181818181816,0.0,0.18181818181818182,0.0,4890.0,9.0,440.0,4450.0,4010.0,3570.0,3130.0,2690.0,2250.0
코나 하이브리드,6381.5,6381.5,1575.0,1590.0,2019.5,6554.5,0.0,0.5,0.0,2700.0,9.0,243.0,2457.0,2214.0,1971.0,1728.0,1485.0,1242.0
코란도 C,12537.954545454546,12537.954545454546,571.5,1998.0,2012.1363636363637,138253.04545454544,0.0,0.22727272727272727,0.0,2600.0,8.5,221.0,2379.0,2158.0,1937.0,1716.0,1495.0,1274.0
코란도 스포츠,8989.135593220339,8989.135593220339,1170.3559322033898,1998.0,2014.8983050847457,115211.54237288136,0.0,0.13559322033898305,0.0,2500.0,8.5,213.0,2287.0,2074.0,1861.0,1648.0,1435.0,1222.0
코란도 투리스모,9090.172413793103,9090.172413793103,1165.1379310344828,2041.8620689655172,2015.3793103448277,113255.06896551725,0.0,0.2413793103448276,0.0,3000.0,8.5,255.0,2745.0,2490.0,2235.0,1980.0,1725.0,1470.0
코세어,6061.0,6061.0,4820.0,1999.0,2020.0,14136.0,0.0,0.0,0.0,5850.0,-1.0,-1.0,-1.0,-1.0,-1.0,-1.0,-1.0,-1.0
콜로라도,4989.888888888889,4989.888888888889,3258.777777777778,3649.0,2020.0,30825.11111111111,0.0,0.0,0.0,4400.0,-1.0,-1.0,-1.0,-1.0,-1.0,-1.0,-1.0,-1.0
콰트로포르테  6세대,11940.666666666666,11940.666666666666,5724.833333333333,2987.0,2016.1666666666667,82445.33333333333,0.0,0.16666666666666666,0.0,22100.0,12.699999999999998,2807.0,19293.0,16486.0,13679.0,10872.0,8065.0,5258.0
쿠가,12885.5,12885.5,1014.5,1997.0,2016.0,173627.0,0.0,0.0,0.0,4200.0,12.6,529.0,3671.0,3142.0,2613.0,2084.0,1555.0,1026.0
쿠퍼 1세대,13560.0,13560.0,880.0,1598.0,2010.0,193870.0,0.0,1.0,0.0,4860.0,9.6,467.0,4393.0,3926.0,3459.0,2992.0,2525.0,2058.0
쿠퍼 2세대,12546.57142857143,12546.57142857143,789.6428571428571,1626.357142857143,2010.5714285714287,112854.78571428571,0.0,0.0,0.0,4600.0,9.6,442.0,4158.0,3716.0,3274.0,2832.0,2390.0,1948.0
쿠퍼 3세대,7335.408163265306,7335.408163265306,2236.714285714286,1579.5102040816328,2017.2244897959183,53390.65306122449,0.0,0.12244897959183673,0.0,4930.0,9.6,473.0,4457.0,3984.0,3511.0,3038.0,2565.0,2092.0
쿠퍼 컨버터블 2세대,2386.0,2386.0,1690.0,1598.0,2013.0,109401.0,0.0,0.0,0.0,4360.0,10.9,475.0,3885.0,3410.0,2935.0,2460.0,1985.0,1510.0
쿠퍼 컨버터블 3세대,9038.8,9038.8,2909.8,1698.6,2018.4,64123.4,0.0,0.4,0.0,5520.0,10.9,602.0,4918.0,4316.0,3714.0,3112.0,2510.0,1908.0
쿠퍼 컨트리맨 1세대,10132.857142857143,10132.857142857143,1232.642857142857,1966.642857142857,2013.7142857142858,115502.57142857143,0.0,0.07142857142857142,0.0,4860.0,9.7,471.0,4389.0,3918.0,3447.0,2976.0,2505.0,2034.0
쿠퍼 컨트리맨 2세대,5579.0,5579.0,3154.0714285714284,1711.5714285714287,2018.642857142857,38625.21428571428,0.0,0.0,0.0,5200.0,9.7,504.0,4696.0,4192.0,3688.0,3184.0,2680.0,2176.0
쿠퍼 쿠페,13030.666666666666,13030.666666666666,1276.6666666666667,1730.3333333333333,2013.0,71738.33333333333,0.0,0.0,0.0,4660.0,8.1,377.0,4283.0,3906.0,3529.0,3152.0,2775.0,2398.0
쿠퍼 클럽맨 1세대,11335.4,11335.4,808.0,1677.4,2010.4,150903.8,0.0,0.2,0.0,4240.0,10.2,432.0,3808.0,3376.0,2944.0,2512.0,2080.0,1648.0
쿠퍼 클럽맨 2세대,4678.071428571428,4678.071428571428,3144.214285714286,1712.2142857142858,2019.7857142857142,27348.214285714286,0.0,0.0,0.0,5040.0,10.2,514.0,4526.0,4012.0,3498.0,2984.0,2470.0,1956.0
큐브 3세대,551.0,551.0,650.0,1798.0,2011.0,117835.0,0.0,1.0,0.0,2400.0,6.4,154.0,2246.0,2092.0,1938.0,1784.0,1630.0,1476.0
크루즈,8353.063829787234,8353.063829787234,553.3191489361702,1767.276595744681,2013.0,104686.06382978724,0.0,0.10638297872340426,0.0,2100.0,8.1,170.0,1930.0,1760.0,1590.0,1420.0,1250.0,1080.0
클리오,4476.5625,4476.5625,1108.75,1465.875,2018.25,56276.75,0.0,0.0,0.0,2200.0,13.2,290.0,1910.0,1620.0,1330.0,1040.0,750.0,460.0
타이칸,5221.0,5221.0,17925.0,0.0,2021.0,16360.0,0.0,0.0,0.0,19000.0,-1.0,-1.0,-1.0,-1.0,-1.0,-1.0,-1.0,-1.0
테라칸,9654.0,9654.0,420.0,2476.0,2003.0,186226.0,0.0,0.0,0.0,2500.0,4.4,110.0,2390.0,2280.0,2170.0,2060.0,1950.0,1840.0
토러스,11861.272727272728,11861.272727272728,672.5454545454545,2816.0,2012.6363636363637,130839.63636363637,0.0,0.0,0.0,4440.0,9.1,404.0,4036.0,3632.0,3228.0,2824.0,2420.0,2016.0
토스카,13260.5,13260.5,184.0,1894.5,2007.0,120082.0,0.0,0.5,0.0,2500.0,6.5,163.0,2337.0,2174.0,2011.0,1848.0,1685.0,1522.0
토스카 프리미엄,14447.0,14447.0,220.0,1993.0,2010.0,177673.0,0.0,0.0,0.0,1900.0,6.5,124.0,1776.0,1652.0,1528.0,1404.0,1280.0,1156.0
투싼,13684.4,13684.4,412.0,1991.8,2007.4,128370.4,0.0,0.2,0.0,3000.0,8.8,264.0,2736.0,2472.0,2208.0,1944.0,1680.0,1416.0
투싼ix,13527.307692307691,13527.307692307691,678.3846153846154,1995.0,2010.7692307692307,146070.3076923077,0.0,0.07692307692307693,0.0,2400.0,8.8,211.0,2189.0,1978.0,1767.0,1556.0,1345.0,1134.0
투아렉 1세대,11960.0,11960.0,1450.0,2967.0,2012.0,191551.0,0.0,0.0,0.0,10000.0,8.7,870.0,9130.0,8260.0,7390.0,6520.0,5650.0,4780.0
투아렉 2세대,9063.333333333334,9063.333333333334,2580.0,2967.0,2014.0,120700.66666666667,0.0,0.0,0.0,8500.0,8.7,740.0,7760.0,7020.0,6280.0,5540.0,4800.0,4060.0
툰드라,12954.0,12954.0,4180.0,3499.0,2014.0,137127.0,0.0,0.0,0.0,8500.0,6.4,544.0,7956.0,7412.0,6868.0,6324.0,5780.0,5236.0
트래버스,5453.75,5453.75,4077.5,3564.0,2020.25,24645.75,0.0,0.0,0.0,5500.0,-1.0,-1.0,-1.0,-1.0,-1.0,-1.0,-1.0,-1.0
트랙스,6828.1463414634145,6828.1463414634145,952.8780487804878,1425.3170731707316,2015.2682926829268,98498.31707317074,0.0,0.12195121951219512,0.0,2000.0,7.300000000000001,146.0,1854.0,1708.0,1562.0,1416.0,1270.0,1124.0
트레일블레이저,4442.5,4442.5,2485.3,1336.2666666666667,2021.4333333333334,18378.366666666665,0.0,0.06666666666666667,0.0,2500.0,-1.0,-1.0,-1.0,-1.0,-1.0,-1.0,-1.0,-1.0
트위지,1099.0,1099.0,350.0,0.0,2019.0,8459.0,0.0,0.0,0.0,1500.0,25.6,384.0,1116.0,732.0,348.0,0.0,0.0,0.0
티구안 1세대,11215.333333333334,11215.333333333334,1236.111111111111,1992.888888888889,2014.0,133010.66666666666,0.0,0.05555555555555555,0.0,4290.0,9.2,395.0,3895.0,3500.0,3105.0,2710.0,2315.0,1920.0
티구안 2세대,6084.884615384615,6084.884615384615,2951.923076923077,1968.0,2018.8076923076924,46891.88461538462,0.0,0.038461538461538464,0.0,4300.0,9.2,396.0,3904.0,3508.0,3112.0,2716.0,2320.0,1924.0
티구안 올스페이스 2세대,3683.6666666666665,3683.6666666666665,3363.3333333333335,1968.0,2018.6666666666667,57174.333333333336,0.0,0.3333333333333333,0.0,4600.0,9.2,423.0,4177.0,3754.0,3331.0,2908.0,2485.0,2062.0
티록,6493.0,6493.0,2955.0,1968.0,2021.5,8385.5,0.0,0.0,0.0,3500.0,-1.0,-1.0,-1.0,-1.0,-1.0,-1.0,-1.0,-1.0
티볼리,6858.777777777777,6858.777777777777,1249.5454545454545,1595.8080808080808,2016.171717171717,69401.72727272728,0.0,0.15151515151515152,0.0,2050.0,7.9,162.0,1888.0,1726.0,1564.0,1402.0,1240.0,1078.0
티볼리 아머,6471.212121212121,6471.212121212121,1501.7575757575758,1597.0,2018.2424242424242,43328.0,0.0,0.13636363636363635,0.0,2250.0,7.8999999999999995,178.0,2072.0,1894.0,1716.0,1538.0,1360.0,1182.0
티볼리 에어,6510.466666666666,6510.466666666666,1460.7066666666667,1584.4133333333334,2017.8266666666666,60117.62666666666,0.0,0.14666666666666667,0.0,2250.0,7.9,178.0,2072.0,1894.0,1716.0,1538.0,1360.0,1182.0
파나메라 1세대,11527.666666666666,11527.666666666666,4756.166666666667,3700.8333333333335,2013.3333333333333,125263.83333333333,0.0,0.0,0.0,12030.0,6.099999999999999,734.0,11296.0,10562.0,9828.0,9094.0,8360.0,7626.0
파나메라 2세대,4796.333333333333,4796.333333333333,12583.333333333334,2995.0,2018.0,53743.333333333336,0.0,0.0,0.0,15140.0,6.099999999999999,924.0,14216.0,13292.0,12368.0,11444.0,10520.0,9596.0
파사트 7세대,6341.2,6341.2,1208.0,2006.9,2014.3,91064.2,0.0,0.2,0.0,3613.0,9.2,332.0,3281.0,2949.0,2617.0,2285.0,1953.0,1621.0
파사트 GT 8세대,5408.111111111111,5408.111111111111,2797.777777777778,1968.0,2018.3333333333333,61538.11111111111,0.0,0.0,0.0,4800.0,9.2,442.0,4358.0,3916.0,3474.0,3032.0,2590.0,2148.0
파일럿 2세대,12652.0,12652.0,1590.0,3471.0,2013.0,127137.0,0.0,0.0,0.0,4890.0,10.1,494.0,4396.0,3902.0,3408.0,2914.0,2420.0,1926.0
파일럿 3세대,2543.25,2543.25,3305.0,3471.0,2018.25,44941.0,0.0,0.5,0.0,5950.0,10.1,601.0,5349.0,4748.0,4147.0,3546.0,2945.0,2344.0
퍼시피카,12116.0,12116.0,550.0,3605.0,2006.0,118243.0,0.0,0.0,0.0,5950.0,5.7,339.0,5611.0,5272.0,4933.0,4594.0,4255.0,3916.0
페이톤,12963.333333333334,12963.333333333334,1000.0,2967.0,2011.3333333333333,182397.66666666666,0.0,0.0,0.0,10000.0,8.4,840.0,9160.0,8320.0,7480.0,6640.0,5800.0,4960.0
펠리세이드,6537.861445783133,6537.861445783133,2916.1686746987953,2876.0542168674697,2020.0240963855422,22788.909638554218,0.0,0.03614457831325301,0.0,4400.0,-1.0,-1.0,-1.0,-1.0,-1.0,-1.0,-1.0,-1.0
포레스트,3921.0,3921.0,3990.0,2497.0,2021.0,319.0,0.0,1.0,0.0,6000.0,-1.0,-1.0,-1.0,-1.0,-1.0,-1.0,-1.0,-1.0
포르테 (08~13년),9900.764705882353,9900.764705882353,517.0,1591.0,2011.764705882353,99179.94117647059,0.0,0.23529411764705882,0.0,1800.0,6.9,124.0,1676.0,1552.0,1428.0,1304.0,1180.0,1056.0
포르테 쿱 (09~13년),10324.666666666666,10324.666666666666,483.22222222222223,1771.888888888889,2011.0,112728.88888888889,0.0,0.4444444444444444,0.0,2000.0,6.9,138.0,1862.0,1724.0,1586.0,1448.0,1310.0,1172.0
포르테 해치백 (10~13년),13626.0,13626.0,534.0,1591.0,2011.0,112667.0,0.0,0.0,0.0,1500.0,6.9,104.0,1396.0,1292.0,1188.0,1084.0,980.0,876.0
포커스,3602.0,3602.0,1250.0,1499.0,2016.0,59159.0,0.0,0.0,0.0,3460.0,10.6,367.0,3093.0,2726.0,2359.0,1992.0,1625.0,1258.0
포터,12434.0,12434.0,1282.0,2541.0,2015.8,133676.2,0.0,0.4,0.0,2000.0,7.8,156.0,1844.0,1688.0,1532.0,1376.0,1220.0,1064.0
포터2,10492.689839572193,10492.689839572193,1180.7005347593583,2482.133689839572,2016.331550802139,93546.54545454546,0.0,0.13903743315508021,0.0,2100.0,7.8,164.0,1936.0,1772.0,1608.0,1444.0,1280.0,1116.0
포터2 일렉트릭,5969.363636363636,5969.363636363636,2818.181818181818,0.0,2020.6363636363637,12193.272727272728,0.0,0.09090909090909091,0.0,4100.0,7.8,320.0,3780.0,3460.0,3140.0,2820.0,2500.0,2180.0
포투 2세대,12498.5,12498.5,1045.0,999.0,2011.0,115606.0,0.0,0.0,0.0,2600.0,5.4,140.0,2460.0,2320.0,2180.0,2040.0,1900.0,1760.0
폴로 5세대,10168.0,10168.0,825.8,1492.4,2014.8,132586.0,0.0,0.2,0.0,2650.0,9.6,254.0,2396.0,2142.0,1888.0,1634.0,1380.0,1126.0
퓨전 1세대,13980.0,13980.0,370.0,3000.0,2011.0,175506.0,0.0,0.0,0.0,4760.0,8.6,409.0,4351.0,3942.0,3533.0,3124.0,2715.0,2306.0
퓨전 2세대,10294.25,10294.25,910.0,2000.0,2013.0,108574.0,0.0,0.0,0.0,3995.0,8.6,344.0,3651.0,3307.0,2963.0,2619.0,2275.0,1931.0
프론티어,14397.0,14397.0,750.0,1798.0,2011.0,100313.0,0.0,0.0,0.0,2400.0,6.4,154.0,2246.0,2092.0,1938.0,1784.0,1630.0,1476.0
프론티어 3세대,12653.0,12653.0,3490.0,3954.0,2015.0,78120.0,0.0,0.0,0.0,4000.0,1.8,72.0,3928.0,3856.0,3784.0,3712.0,3640.0,3568.0
프리랜더2,12430.0,12430.0,830.0,2179.0,2010.0,175355.0,0.0,1.0,0.0,6000.0,7.2,432.0,5568.0,5136.0,4704.0,4272.0,3840.0,3408.0
프리몬트,13199.0,13199.0,1050.0,1956.0,2013.0,108835.0,0.0,0.0,0.0,4490.0,8.5,382.0,4108.0,3726.0,3344.0,2962.0,2580.0,2198.0
프리우스,12277.5,12277.5,1375.0,1647.5,2013.5,104839.0,0.0,0.0,0.0,3712.0,8.1,301.0,3411.0,3110.0,2809.0,2508.0,2207.0,1906.0
프리우스 4세대,4053.0,4053.0,2347.5,1722.75,2018.0,59788.25,0.0,0.0,0.0,3600.0,8.1,292.0,3308.0,3016.0,2724.0,2432.0,2140.0,1848.0
플라잉스퍼 1세대,12536.0,12536.0,4650.0,6000.0,2010.0,92347.0,0.0,0.0,0.0,29000.0,7.7,2233.0,26767.0,24534.0,22301.0,20068.0,17835.0,15602.0
플라잉스퍼 2세대,11251.0,11251.0,12150.0,3993.0,2016.0,45774.0,0.0,0.0,0.0,26500.0,7.7,2041.0,24459.0,22418.0,20377.0,18336.0,16295.0,14254.0
휘가로,11155.0,11155.0,2500.0,1000.0,1991.0,86670.0,0.0,0.0,0.0,4000.0,1.2,48.0,3952.0,3904.0,3856.0,3808.0,3760.0,3712.0
